sr_no,page_no,module_name_en,module_name_mr,lesson_name_en,lesson_name_mr,q_no,question_en,question_mr,option_a_en,option_a_mr,option_b_en,option_b_mr,option_c_en,option_c_mr,option_d_en,option_d_mr,correct_answer_letter,correct_answer_en,correct_answer_mr
1,3,Introduction to Employability Skills,रोजगार कौशल्यांची ओळख (Introduction to Employability Skills),Introduction to Employability Skills,रोजगार कौशल्यांची ओळख (Introduction to Employability Skills),1,Which of the following options is an Employability Skill?,खालीलपैकी कोणता पर्याय रोजगार कौशल्य आहे?,Good Interview Skills,चांगली मुलाखत कौशल्ये,Good Communication Skills,चांगले संवाद कौशल्य,Digital Skills,डिजिटल कौशल्ये,All of these,वरील सर्व,D,All of these,वरील सर्व
2,3,Introduction to Employability Skills,रोजगार कौशल्यांची ओळख (Introduction to Employability Skills),Introduction to Employability Skills,रोजगार कौशल्यांची ओळख (Introduction to Employability Skills),2,An employee is someone who __________.,कर्मचारी असा असतो जो __________ असतो.,Goes to school to study,शाळेत शिकायला जातो,Does not work,चालत नाही,Works for a salary,पगारासाठी काम करतो,Goes to play,खेळायला जातो,C,Works for a salary,पगारासाठी काम करतो
3,3,Introduction to Employability Skills,रोजगार कौशल्यांची ओळख (Introduction to Employability Skills),Introduction to Employability Skills,रोजगार कौशल्यांची ओळख (Introduction to Employability Skills),3,Which are the two skills needed for good career growth?,चांगल्या करिअर वाढीसाठी कोणती दोन कौशल्ये आवश्यक आहेत?,Watching TV & Making friends,टीव्ही पाहणे आणि मित्र बनवणे,Traveling & Shopping,प्रवास आणि खरेदी,Playing video games & cooking skills,व्हिडिओ गेम खेळणे आणि स्वयंपाक करण्याचे कौशल्य,Technical Skills & Employability Skills,तांत्रिक कौशल्ये आणि रोजगारक्षमता कौशल्ये,D,Technical Skills & Employability Skills,तांत्रिक कौशल्ये आणि रोजगारक्षमता कौशल्ये
4,3,Introduction to Employability Skills,रोजगार कौशल्यांची ओळख (Introduction to Employability Skills),Introduction to Employability Skills,रोजगार कौशल्यांची ओळख (Introduction to Employability Skills),4,Gopi is always willing to learn and improve in his work. He has a_______.,गोपी नेहमी शिकण्यासाठी आणि आपल्या कामात सुधारणा करण्यास तयार असतो. त्याच्याकडे _______ आहे.,Fixed mindset,स्थिर मानसिकता,Certificate,प्रमाणपत्र,Growth mindset,वाढीची मानसिकता,Marksheet,मार्कशीट,C,Growth mindset,वाढीची मानसिकता
5,3,Introduction to Employability Skills,रोजगार कौशल्यांची ओळख (Introduction to Employability Skills),Introduction to Employability Skills,रोजगार कौशल्यांची ओळख (Introduction to Employability Skills),5,What are Employability Skills?,रोजगारक्षमता कौशल्ये काय आहेत?,Skills used only in sports,कौशल्ये फक्त खेळात वापरली जातात,Skills needed to be successfully employed,कौशल्ये यशस्वीरित्या वापरण्यासाठी आवश्यक आहे,Skills for good communication,चांगल्या संवादासाठी कौशल्य,Skills for playing video games,व्हिडिओ गेम खेळण्याचे कौशल्य,B,Skills needed to be successfully employed,कौशल्ये यशस्वीरित्या वापरण्यासाठी आवश्यक आहे
6,3,Introduction to Employability Skills,रोजगार कौशल्यांची ओळख (Introduction to Employability Skills),Learning Employability Skills Online,रोजगार कौशल्य ऑनलाइन शिकणे,6,"When we learn something online, it is called ______.","जेव्हा आपण ऑनलाइन काहीतरी शिकतो, त्याला ______ म्हणतात.",Classroom learning,वर्गात शिकणे,Teaching,शिकवणे,E-learning,ई-लर्निंग,Digital marketing,डिजिटल मार्केटिंग,C,E-learning,ई-लर्निंग
7,3,Introduction to Employability Skills,रोजगार कौशल्यांची ओळख (Introduction to Employability Skills),Learning Employability Skills Online,रोजगार कौशल्य ऑनलाइन शिकणे,7,Which of these is an advantage of learning online?,ऑनलाइन शिकण्याचा यापैकी कोणता फायदा आहे?,Learn anytime & anywhere,कधीही आणि कुठेही शिका,Make friends with classmates,वर्गमित्रांशी मैत्री करा,No need to study,अभ्यास करण्याची गरज नाही,Have shorter classes,लहान वर्ग घ्या,A,Learn anytime & anywhere,कधीही आणि कुठेही शिका
8,3,Introduction to Employability Skills,रोजगार कौशल्यांची ओळख (Introduction to Employability Skills),Learning Employability Skills Online,रोजगार कौशल्य ऑनलाइन शिकणे,8,Which of these is an e-learning portal?,यापैकी कोणते ई-लर्निंग पोर्टल आहे?,ASEEM,असीम,Bharat Skills Portal,भारत कौशल्य पोर्टल,NAPS portal,NAPS पोर्टल,Netflix,नेटफ्लिक्स,B,Bharat Skills Portal,भारत कौशल्य पोर्टल
9,3,Introduction to Employability Skills,रोजगार कौशल्यांची ओळख (Introduction to Employability Skills),Learning Employability Skills Online,रोजगार कौशल्य ऑनलाइन शिकणे,9,Ram works as a fitter in a company. He wants to upgrade his trade skills and employability skills in his free time. What should he do?,राम एका कंपनीत फिटर म्हणून काम करतो. त्याला त्याच्या मोकळ्या वेळेत आपली व्यापार कौशल्ये आणि रोजगार कौशल्ये सुधारायची आहेत. त्याने काय करावे?,Play sports,खेळ खेळा,Watch news,बातम्या पहा,Find courses: online or offline,अभ्यासक्रम शोधा: ऑनलाइन किंवा ऑफलाइन,Quit job,नोकरी सोडली,C,Find courses: online or offline,अभ्यासक्रम शोधा: ऑनलाइन किंवा ऑफलाइन
10,3,Introduction to Employability Skills,रोजगार कौशल्यांची ओळख (Introduction to Employability Skills),Learning Employability Skills Online,रोजगार कौशल्य ऑनलाइन शिकणे,10,Zeena wants to enroll for an e-learning course. The most important thing she needs is a________.,झीनाला ई-लर्निंग कोर्ससाठी नावनोंदणी करायची आहे. तिला आवश्यक असलेली सर्वात महत्वाची गोष्ट म्हणजे ________.,Book,पुस्तक,Pen,पेन,Mobile phone or Computer,मोबाईल फोन किंवा संगणक,Library card,लायब्ररी कार्ड,C,Mobile phone or Computer,मोबाईल फोन किंवा संगणक
11,4,Introduction to Employability Skills,रोजगार कौशल्यांची ओळख (Introduction to Employability Skills),Future of Work,कामाचे भविष्य,11,"In today’s world, _________ have become a basic skill requirement in many jobs.","आजच्या जगात, _________ ही अनेक नोकऱ्यांमध्ये मूलभूत कौशल्याची आवश्यकता बनली आहे.",Acting skills,अभिनय कौशल्य,Digital skills,डिजिटल कौशल्ये,Painting skills,चित्रकला कौशल्य,Dancing skills,नृत्य कौशल्य,B,Digital skills,डिजिटल कौशल्ये
12,4,Introduction to Employability Skills,रोजगार कौशल्यांची ओळख (Introduction to Employability Skills),Future of Work,कामाचे भविष्य,12,"______ jobs help to reduce pollution, preserve the environment and the planet.","______ नोकऱ्या प्रदूषण कमी करण्यास, पर्यावरण आणि ग्रहाचे रक्षण करण्यास मदत करतात.",Software,सॉफ्टवेअर,Hardware,हार्डवेअर,Green,हिरवा,Part-time,अर्धवेळ,C,Green,हिरवा
13,4,Introduction to Employability Skills,रोजगार कौशल्यांची ओळख (Introduction to Employability Skills),Future of Work,कामाचे भविष्य,13,Green Jobs are important because _________.,ग्रीन नोकऱ्या महत्त्वाच्या आहेत कारण _________.,they help protect the environment,ते पर्यावरणाचे संरक्षण करण्यास मदत करतात,they harm the environment,ते पर्यावरणाची हानी करतात,they pay more money,ते अधिक पैसे देतात,they require no skill,त्यांना कौशल्याची गरज नाही,A,they help protect the environment,ते पर्यावरणाचे संरक्षण करण्यास मदत करतात
14,4,Introduction to Employability Skills,रोजगार कौशल्यांची ओळख (Introduction to Employability Skills),Future of Work,कामाचे भविष्य,14,Geetha has just completed her education. She joined a basic English course to improve her _____ skills.,गीताने नुकतेच शिक्षण पूर्ण केले आहे. तिची _____ कौशल्ये सुधारण्यासाठी तिने मूलभूत इंग्रजी अभ्यासक्रमात प्रवेश घेतला.,Technical,तांत्रिक,Digital,डिजिटल,Communication,संवाद,Problem solving,समस्या सोडवणे,C,Communication,संवाद
15,4,Introduction to Employability Skills,रोजगार कौशल्यांची ओळख (Introduction to Employability Skills),Future of Work,कामाचे भविष्य,15,Ram wants to start his own business. He is considering two options - opening an audio cassette shop or starting an online retail business. Which of these options would you suggest?,रामला स्वतःचा व्यवसाय सुरू करायचा आहे. ऑडिओ कॅसेटचे दुकान उघडणे किंवा ऑनलाइन रिटेल व्यवसाय सुरू करणे या दोन पर्यायांचा तो विचार करत आहे. तुम्ही यापैकी कोणते पर्याय सुचवाल?,Online retail,ऑनलाइन रिटेल,Audio cassette shop,ऑडिओ कॅसेट दुकान,Anything is fine,काहीही ठीक आहे,Video rental store,व्हिडिओ भाड्याने दुकान,A,Online retail,ऑनलाइन रिटेल
16,5,Constitutional Values-Citizenship,घटनात्मक मूल्ये - नागरिकत्व,My Values and Ethics,माझी मूल्ये आणि नैतिकता,1,Values and ethics help us build good _______.,मूल्ये आणि नैतिकता आपल्याला चांगले _______ तयार करण्यात मदत करतात.,games,खेळ,behavior,वर्तन,studies,अभ्यास,rent,भाडे,B,behavior,वर्तन
17,5,Constitutional Values-Citizenship,घटनात्मक मूल्ये - नागरिकत्व,My Values and Ethics,माझी मूल्ये आणि नैतिकता,2,Values decide the ______of a person.,मूल्ये एखाद्या व्यक्तीचे ______ ठरवतात.,character,वर्ण,laptop,लॅपटॉप,home,घर,system,प्रणाली,A,character,वर्ण
18,5,Constitutional Values-Citizenship,घटनात्मक मूल्ये - नागरिकत्व,My Values and Ethics,माझी मूल्ये आणि नैतिकता,3,It is not good to forward ________ on social media.,सोशल मीडियावर ________ फॉरवर्ड करणे चांगले नाही.,fake news,खोट्या बातम्या,messages,संदेश,greetings,शुभेच्छा,songs,गाणी,A,fake news,खोट्या बातम्या
19,5,Constitutional Values-Citizenship,घटनात्मक मूल्ये - नागरिकत्व,My Values and Ethics,माझी मूल्ये आणि नैतिकता,4,A person who respects and follows the law of a country is a ______.,देशाच्या कायद्याचा आदर आणि पालन करणारी व्यक्ती ______ आहे.,Businessman,उद्योगपती,Bad Employee,वाईट कर्मचारी,Responsible Citizen,जबाबदार नागरिक,Small Kid,लहान मुल,C,Responsible Citizen,जबाबदार नागरिक
20,5,Constitutional Values-Citizenship,घटनात्मक मूल्ये - नागरिकत्व,My Values and Ethics,माझी मूल्ये आणि नैतिकता,5,Rita found somone’s wallet in the office. She gives it to the office manager. This shows that she is _____.,रिटाला ऑफिसमध्ये कुणाचे तरी पाकीट सापडले. ती ऑफिस मॅनेजरला देते. हे दर्शवते की ती _____ आहे.,open-minded,खुल्या मनाचा,honest & responsible,प्रामाणिक आणि जबाबदार,kind,दयाळू,non - judgemental,निर्णायक,B,honest & responsible,प्रामाणिक आणि जबाबदार
21,5,Constitutional Values-Citizenship,घटनात्मक मूल्ये - नागरिकत्व,Our Constitution: Guiding Principles,आमची राज्यघटना: मार्गदर्शक तत्त्वे,6,The Constitution Of India is also called as _______.,भारतीय राज्यघटनेला _______ असेही म्हणतात.,Bharatiya Academy,भारतीय अकादमी,Bhartiya Samvidhan,भारतीय संविधान,Novel,कादंबरी,Newspaper,वर्तमानपत्र,B,Bhartiya Samvidhan,भारतीय संविधान
22,5,Constitutional Values-Citizenship,घटनात्मक मूल्ये - नागरिकत्व,Our Constitution: Guiding Principles,आमची राज्यघटना: मार्गदर्शक तत्त्वे,7,India is a Sovereign country. That means it can make its own_____.,भारत हा सार्वभौम देश आहे. याचा अर्थ ते स्वतःचे _____ बनवू शकते.,Money,पैसा,State,राज्य,Election,निवडणूक,Rules and Decisions,नियम आणि निर्णय,D,Rules and Decisions,नियम आणि निर्णय
23,5,Constitutional Values-Citizenship,घटनात्मक मूल्ये - नागरिकत्व,Our Constitution: Guiding Principles,आमची राज्यघटना: मार्गदर्शक तत्त्वे,8,Indian constitution is a set of ______ of our country.,भारतीय संविधान हा आपल्या देशाचा ______ चा संच आहे.,Laws and rules,कायदे आणि नियम,Keys,कळा,Tools,साधने,Languages,भाषा,A,Laws and rules,कायदे आणि नियम
24,5,Constitutional Values-Citizenship,घटनात्मक मूल्ये - नागरिकत्व,Our Constitution: Guiding Principles,आमची राज्यघटना: मार्गदर्शक तत्त्वे,9,"Mr. Johnson wants to employ an 8 year old girl for household work. In India, which fundamental right would not allow it?",मिस्टर जॉन्सनला एका 8 वर्षाच्या मुलीला घरच्या कामासाठी कामावर ठेवायचे आहे. भारतात कोणता मूलभूत अधिकार परवानगी देणार नाही?,Right to equality,समानतेचा अधिकार,Right to freedom of religion,धर्म स्वातंत्र्याचा अधिकार,Right against exploitation,शोषणाविरुद्ध हक्क,Right to information,माहितीचा अधिकार,C,Right against exploitation,शोषणाविरुद्ध हक्क
25,5,Constitutional Values-Citizenship,घटनात्मक मूल्ये - नागरिकत्व,Our Constitution: Guiding Principles,आमची राज्यघटना: मार्गदर्शक तत्त्वे,10,"Which fundamental right allows us to freely visit a temple, church, or mosque for prayer?","कोणता मूलभूत अधिकार आपल्याला प्रार्थनेसाठी मंदिर, चर्च किंवा मशिदीला मुक्तपणे भेट देण्याची परवानगी देतो?",Right to equality,समानतेचा अधिकार,Right to education,शिक्षणाचा अधिकार,Right against exploitation,शोषणाविरुद्ध हक्क,Right to freedom of religion,धर्म स्वातंत्र्याचा अधिकार,D,Right to freedom of religion,धर्म स्वातंत्र्याचा अधिकार
26,6,Constitutional Values-Citizenship,घटनात्मक मूल्ये - नागरिकत्व,Protecting Our Environment,आमच्या पर्यावरणाचे रक्षण करणे,11,"Addition of harmful smoke, gases and chemicals to the environment in large quantities is called ______.","पर्यावरणात हानिकारक धूर, वायू आणि रसायने मोठ्या प्रमाणात जोडण्याला ______ म्हणतात.",Air,हवा,Pollution,प्रदूषण,Wind,वारा,Storm,वादळ,B,Pollution,प्रदूषण
27,6,Constitutional Values-Citizenship,घटनात्मक मूल्ये - नागरिकत्व,Protecting Our Environment,आमच्या पर्यावरणाचे रक्षण करणे,12,Cutting down of trees for farming and housing purposes is called _______.,शेती आणि घरासाठी झाडे तोडण्याला _______ म्हणतात.,Reforestation,वनीकरण,Deforestation,जंगलतोड,Afforestation,वनीकरण,Forestation,वनीकरण,B,Deforestation,जंगलतोड
28,6,Constitutional Values-Citizenship,घटनात्मक मूल्ये - नागरिकत्व,Protecting Our Environment,आमच्या पर्यावरणाचे रक्षण करणे,13,"Releasing chemicals, waste, plastics into the water is called _____.","रसायने, कचरा, प्लास्टिक पाण्यात सोडण्याला _____ म्हणतात.",Sound pollution,ध्वनी प्रदूषण,Land pollution,जमीन प्रदूषण,Water Pollution,जल प्रदूषण,Air pollution,वायू प्रदूषण,C,Water Pollution,जल प्रदूषण
29,6,Constitutional Values-Citizenship,घटनात्मक मूल्ये - नागरिकत्व,Protecting Our Environment,आमच्या पर्यावरणाचे रक्षण करणे,14,Scientists are warning us that the rise in earth’s temperature causes ________.,शास्त्रज्ञ आम्हाला चेतावणी देत आहेत की पृथ्वीच्या तापमानात वाढ झाल्यामुळे ________ होतो.,Deforestation,जंगलतोड,Land sliding,लँड स्लाइडिंग,Pollution,प्रदूषण,Global warming,ग्लोबल वार्मिंग,D,Global warming,ग्लोबल वार्मिंग
30,6,Constitutional Values-Citizenship,घटनात्मक मूल्ये - नागरिकत्व,Protecting Our Environment,आमच्या पर्यावरणाचे रक्षण करणे,15,Shyam avoids the use of plastic and chemical fertilizers. He is practising a _____.,श्याम प्लास्टिक आणि रासायनिक खतांचा वापर टाळतो. तो _____ चा सराव करत आहे.,Green lifestyle,हिरवी जीवनशैली,Modern lifestyle,आधुनिक जीवनशैली,Busy lifestyle,व्यस्त जीवनशैली,Unhealthy lifestyle,अस्वस्थ जीवनशैली,A,Green lifestyle,हिरवी जीवनशैली
31,7,Becoming a Professional in the 21st Century,२१ व्या शतकात व्यावसायिक बनणे,21st Century Employability Skills,21 व्या शतकातील रोजगारक्षमता कौशल्ये,1,Major changes took place in the manufacturing world with _________.,_________ सह उत्पादन जगतात मोठे बदल झाले.,Green revolution,हरित क्रांती,Milk revolution,दूध क्रांती,Industrial revolution,औद्योगिक क्रांती,White revolution,पांढरी क्रांती,C,Industrial revolution,औद्योगिक क्रांती
32,7,Becoming a Professional in the 21st Century,२१ व्या शतकात व्यावसायिक बनणे,21st Century Employability Skills,21 व्या शतकातील रोजगारक्षमता कौशल्ये,2,The process of manufacturing has changed due to technology and _____development.,तंत्रज्ञान आणि _____विकासामुळे उत्पादनाची प्रक्रिया बदलली आहे.,Training,प्रशिक्षण,Scientific,वैज्ञानिक,Teaching,शिकवणे,Facillitation,सुविधा,B,Scientific,वैज्ञानिक
33,7,Becoming a Professional in the 21st Century,२१ व्या शतकात व्यावसायिक बनणे,21st Century Employability Skills,21 व्या शतकातील रोजगारक्षमता कौशल्ये,3,Regular assessment of skills is necessary for the growth of _______.,_______ च्या वाढीसाठी कौशल्यांचे नियमित मूल्यांकन आवश्यक आहे.,Career,करिअर,Interview,मुलाखत,Job,नोकरी,Skill,कौशल्य,A,Career,करिअर
34,7,Becoming a Professional in the 21st Century,२१ व्या शतकात व्यावसायिक बनणे,21st Century Employability Skills,21 व्या शतकातील रोजगारक्षमता कौशल्ये,4,Neetu has excellent story telling skills. What type of intelligence is it?,नीतूकडे कथा सांगण्याचे उत्कृष्ट कौशल्य आहे. हे कोणत्या प्रकारचे बुद्धिमत्ता आहे?,Picture Smart,पिक्चर स्मार्ट,Logic Smart,तर्कशास्त्र स्मार्ट,Body Smart,बॉडी स्मार्ट,Word Smart,शब्द स्मार्ट,D,Word Smart,शब्द स्मार्ट
35,7,Becoming a Professional in the 21st Century,२१ व्या शतकात व्यावसायिक बनणे,21st Century Employability Skills,21 व्या शतकातील रोजगारक्षमता कौशल्ये,5,Swaraj is looking for internet-based/data entry jobs. What is the most important skill he needs?,स्वराज इंटरनेट-आधारित/डेटा एंट्री नोकऱ्या शोधत आहे. त्याला सर्वात महत्त्वाचे कौशल्य कोणते आहे?,Basic computer skills,मूलभूत संगणक कौशल्ये,Entrepreneuria l skills,उद्योजकता l कौशल्ये,Beautician skills,ब्यूटीशियन कौशल्ये,Wood cutting skills,लाकूड कापण्याचे कौशल्य,A,Basic computer skills,मूलभूत संगणक कौशल्ये
36,7,Becoming a Professional in the 21st Century,२१ व्या शतकात व्यावसायिक बनणे,Know Yourself,स्वतःला जाणून घ्या,6,Which of the following is not a part of one’s personality?,खालीलपैकी कोणता व्यक्तीच्या व्यक्तिमत्त्वाचा भाग नाही?,Strengths,ताकद,Weaknesses,अशक्तपणा,Beliefs,विश्वास,Skin colour,त्वचेचा रंग,D,Skin colour,त्वचेचा रंग
37,7,Becoming a Professional in the 21st Century,२१ व्या शतकात व्यावसायिक बनणे,Know Yourself,स्वतःला जाणून घ्या,7,Things that one is good at doing are ________.,ज्या गोष्टी करणे चांगले आहे ते ________ आहेत.,Concerns,चिंता,Interests,स्वारस्य,Abilities,क्षमता,Passion,आवड,C,Abilities,क्षमता
38,7,Becoming a Professional in the 21st Century,२१ व्या शतकात व्यावसायिक बनणे,Know Yourself,स्वतःला जाणून घ्या,8,Inability to do something well is one’s _____.,काहीतरी चांगले करण्यास असमर्थता ही एखाद्याची _____ असते.,Weakness,अशक्तपणा,Aspiration,आकांक्षा,Strength,ताकद,Value,मूल्य,A,Weakness,अशक्तपणा
39,7,Becoming a Professional in the 21st Century,२१ व्या शतकात व्यावसायिक बनणे,Know Yourself,स्वतःला जाणून घ्या,9,Meena likes to learn music in her free time. It is one of her _____to improve.,मीनाला तिच्या मोकळ्या वेळेत संगीत शिकायला आवडते. सुधारणे हे तिचे _____ एक आहे.,Logics,तर्कशास्त्र,Interests,स्वारस्य,Value,मूल्य,Weakness,अशक्तपणा,B,Interests,स्वारस्य
40,7,Becoming a Professional in the 21st Century,२१ व्या शतकात व्यावसायिक बनणे,Know Yourself,स्वतःला जाणून घ्या,10,"Bijo is not good at MS excel. With his hard work, he learns to overcome weaknesses and turn them into a _________.","बिजो एमएस एक्सेलमध्ये चांगला नाही. त्याच्या कठोर परिश्रमाने, तो कमकुवतपणावर मात करून त्यांना _________ बनवण्यास शिकतो.",Belief,विश्वास,Value,मूल्य,Leader,नेता,Strength,ताकद,D,Strength,ताकद
41,8,Becoming a Professional in the 21st Century,२१ व्या शतकात व्यावसायिक बनणे,Behaviour and Attitude,वागणूक आणि वृत्ती,11,"The way we interact, manage and deal with our external environment is known as _______skills.","आपण आपल्या बाह्य वातावरणाशी ज्या प्रकारे संवाद साधतो, व्यवस्थापित करतो आणि हाताळतो त्याला _______ कौशल्य म्हणतात.",Behavioural,वर्तणूक,Technical,तांत्रिक,Musical,संगीतमय,Teaching,शिकवणे,A,Behavioural,वर्तणूक
42,8,Becoming a Professional in the 21st Century,२१ व्या शतकात व्यावसायिक बनणे,Behaviour and Attitude,वागणूक आणि वृत्ती,12,_______ is one of the behavioral skills that is required to organize work efficiently and complete it on time.,_______ हे वर्तणूक कौशल्यांपैकी एक आहे जे कार्य कुशलतेने आयोजित करण्यासाठी आणि वेळेवर पूर्ण करण्यासाठी आवश्यक आहे.,Painting,चित्रकला,Cooking,स्वयंपाक,Time Management,वेळ व्यवस्थापन,Dancing,नाचत,C,Time Management,वेळ व्यवस्थापन
43,8,Becoming a Professional in the 21st Century,२१ व्या शतकात व्यावसायिक बनणे,Behaviour and Attitude,वागणूक आणि वृत्ती,13,The way we manage/solve the problem is called ________.,आपण ज्या पद्धतीने समस्या व्यवस्थापित/ सोडवतो त्याला ________ म्हणतात.,Positive attitude,सकारात्मक दृष्टीकोन,Conflict resolution,संघर्ष निराकरण,Negative attitude,नकारात्मक वृत्ती,Passion,आवड,B,Conflict resolution,संघर्ष निराकरण
44,8,Becoming a Professional in the 21st Century,२१ व्या शतकात व्यावसायिक बनणे,Behaviour and Attitude,वागणूक आणि वृत्ती,14,Rehana faced a problem with her project. She is dealing with a problem with the right attitude. This is an example of-,रेहानाला तिच्या प्रोजेक्टमध्ये अडचण आली. ती योग्य वृत्तीने समस्या हाताळत आहे. हे एक उदाहरण आहे-,Negative attitude,नकारात्मक वृत्ती,Technical skill,तांत्रिक कौशल्य,Scientific skill,वैज्ञानिक कौशल्य,Positive attitude,सकारात्मक दृष्टीकोन,D,Positive attitude,सकारात्मक दृष्टीकोन
45,8,Becoming a Professional in the 21st Century,२१ व्या शतकात व्यावसायिक बनणे,Behaviour and Attitude,वागणूक आणि वृत्ती,15,Alpan does yoga in the morning. He follows Youtube classes to motivate himself. This is an example of _________.,अल्पन सकाळी योगा करतो. स्वतःला प्रेरित करण्यासाठी तो Youtube क्लासेस फॉलो करतो. हे _________ चे उदाहरण आहे.,Self-motivation,स्व-प्रेरणा,Time Management,वेळ व्यवस्थापन,Decision-Making,निर्णय घेणे,Problem- Solving,समस्या- सोडवणे,A,Self-motivation,स्व-प्रेरणा
46,8,Becoming a Professional in the 21st Century,२१ व्या शतकात व्यावसायिक बनणे,Critical Thinking & Decision Making,गंभीर विचार आणि निर्णय घेणे,16,________is a way of thinking to solve a problem.,________ ही समस्या सोडवण्यासाठी विचार करण्याचा एक मार्ग आहे.,Critical thinking,गंभीर विचार,Self confidence,आत्मविश्वास,Negative attitude,नकारात्मक वृत्ती,Time Management,वेळ व्यवस्थापन,A,Critical thinking,गंभीर विचार
47,8,Becoming a Professional in the 21st Century,२१ व्या शतकात व्यावसायिक बनणे,Critical Thinking & Decision Making,गंभीर विचार आणि निर्णय घेणे,17,Choosing between two or more options is known as_________process.,दोन किंवा अधिक पर्यायांमधून निवड करणे _________ प्रक्रिया म्हणून ओळखले जाते.,Manufacturing,मॅन्युफॅक्चरिंग,Decision-making,निर्णय घेणे,Scientific,वैज्ञानिक,Technical,तांत्रिक,B,Decision-making,निर्णय घेणे
48,8,Becoming a Professional in the 21st Century,२१ व्या शतकात व्यावसायिक बनणे,Critical Thinking & Decision Making,गंभीर विचार आणि निर्णय घेणे,18,Which of the following is not a part of decision-making?,खालीलपैकी कोणता निर्णय घेण्याचा भाग नाही?,Identify problem,समस्या ओळखा,Generate options,पर्याय निर्माण करा,Implement decision,निर्णयाची अंमलबजावणी करा,Performance,कामगिरी,D,Performance,कामगिरी
49,8,Becoming a Professional in the 21st Century,२१ व्या शतकात व्यावसायिक बनणे,Critical Thinking & Decision Making,गंभीर विचार आणि निर्णय घेणे,19,Manu thinks about a problem well before making any decision. This is an example of;,मनू कोणताही निर्णय घेण्यापूर्वी समस्येचा नीट विचार करते. याचे हे उदाहरण आहे;,Self-motivation,स्व-प्रेरणा,Critical thinking,गंभीर विचार,Time Management,वेळ व्यवस्थापन,Logical thinking,तार्किक विचार,B,Critical thinking,गंभीर विचार
50,8,Becoming a Professional in the 21st Century,२१ व्या शतकात व्यावसायिक बनणे,Critical Thinking & Decision Making,गंभीर विचार आणि निर्णय घेणे,20,Revathi got a job offer out of her town. She decided to refuse the offer after listing the pros and cons. She followed_______process.,रेवतीला तिच्या गावाबाहेर नोकरीची ऑफर आली. तिने साधक आणि बाधकांची यादी केल्यानंतर ऑफर नाकारण्याचा निर्णय घेतला. तिने _______ प्रक्रियेचे अनुसरण केले.,Decision- making,निर्णय घेणे,Positive attitude,सकारात्मक दृष्टीकोन,Conflict resolution,संघर्ष निराकरण,Negative attitude,नकारात्मक वृत्ती,A,Decision- making,निर्णय घेणे
51,9,Becoming a Professional in the 21st Century,२१ व्या शतकात व्यावसायिक बनणे,Time Management in the Workplace,कामाच्या ठिकाणी वेळेचे व्यवस्थापन,21,What are the advantages of time management?,वेळ व्यवस्थापनाचे फायदे काय आहेत?,Complete tasks on time,कामे वेळेवर पूर्ण करा,Achieve daily goals,दैनंदिन उद्दिष्टे साध्य करा,Reduce stress,तणाव कमी करा,All of these,वरील सर्व,D,All of these,वरील सर्व
52,9,Becoming a Professional in the 21st Century,२१ व्या शतकात व्यावसायिक बनणे,Time Management in the Workplace,कामाच्या ठिकाणी वेळेचे व्यवस्थापन,22,Good time management helps in improving ________ at work.,चांगल्या वेळेचे व्यवस्थापन कामावर ________ सुधारण्यास मदत करते.,Weakness,अशक्तपणा,Performance,कामगिरी,Stress,ताण,Pressure,दाब,B,Performance,कामगिरी
53,9,Becoming a Professional in the 21st Century,२१ व्या शतकात व्यावसायिक बनणे,Time Management in the Workplace,कामाच्या ठिकाणी वेळेचे व्यवस्थापन,23,The time blocked for work is called a _______ technique.,कामासाठी ब्लॉक केलेल्या वेळेला _______ तंत्र म्हणतात.,Doro,डोरो,Pomo,पोमो,Pomodoro,पोमोडोरो,Domo,डोमो,C,Pomodoro,पोमोडोरो
54,9,Becoming a Professional in the 21st Century,२१ व्या शतकात व्यावसायिक बनणे,Time Management in the Workplace,कामाच्या ठिकाणी वेळेचे व्यवस्थापन,24,Rahim learns MS Office during his lunch break. This is an example of -,रहीम त्याच्या लंच ब्रेकमध्ये एमएस ऑफिस शिकतो. याचे हे उदाहरण आहे -,Time Management,वेळ व्यवस्थापन,Over thinking,जास्त विचार,Online job,ऑनलाइन नोकरी,Logical thinking,तार्किक विचार,A,Time Management,वेळ व्यवस्थापन
55,9,Becoming a Professional in the 21st Century,२१ व्या शतकात व्यावसायिक बनणे,Time Management in the Workplace,कामाच्या ठिकाणी वेळेचे व्यवस्थापन,25,Bhanu creates 25 minutes task planner and never gets distracted during the blocked time. Which method does she follow?,भानू 25 मिनिटांचा टास्क प्लॅनर तयार करतो आणि ब्लॉक केलेल्या वेळेत कधीही विचलित होत नाही. ती कोणती पद्धत अवलंबते?,Pomodoro,पोमोडोरो,Timing,टायमिंग,Blocktime,ब्लॉकटाइम,Calendar,कॅलेंडर,A,Pomodoro,पोमोडोरो
56,9,Becoming a Professional in the 21st Century,२१ व्या शतकात व्यावसायिक बनणे,Problem Solving,समस्या सोडवणे,26,Finding a solution to any problem is known as _____skill.,कोणत्याही समस्येवर उपाय शोधणे याला _____ कौशल्य म्हणतात.,Over thinking,जास्त विचार,Critical thinking,गंभीर विचार,Decision-making,निर्णय घेणे,Problem solving,समस्या सोडवणे,D,Problem solving,समस्या सोडवणे
57,9,Becoming a Professional in the 21st Century,२१ व्या शतकात व्यावसायिक बनणे,Problem Solving,समस्या सोडवणे,27,Which of the following is not a step in problem solving?,खालीलपैकी कोणती समस्या सोडवण्याची पायरी नाही?,Identify the problem,समस्या ओळखा,Divide problem into parts,समस्या भागांमध्ये विभाजित करा,Set timer,टाइमर सेट करा,Find solutions,उपाय शोधा,C,Set timer,टाइमर सेट करा
58,9,Becoming a Professional in the 21st Century,२१ व्या शतकात व्यावसायिक बनणे,Problem Solving,समस्या सोडवणे,28,"If one is capable of finding solutions to problems, one will get better at ______.","जर एखादी व्यक्ती समस्यांवर उपाय शोधण्यात सक्षम असेल, तर ______ येथे बरे होईल.",Self-motivation,स्व-प्रेरणा,Problem-solving,समस्या सोडवणे,Career,करिअर,Painting,चित्रकला,B,Problem-solving,समस्या सोडवणे
59,9,Becoming a Professional in the 21st Century,२१ व्या शतकात व्यावसायिक बनणे,Problem Solving,समस्या सोडवणे,29,Soni is trying to fix the download problem on the laptop. She did not succeed on the first attempt. What should she do?,सोनी लॅपटॉपवरील डाउनलोड समस्येचे निराकरण करण्याचा प्रयत्न करीत आहे. पहिल्याच प्रयत्नात तिला यश आले नाही. तिने काय करावे?,Try another way,दुसरा मार्ग वापरून पहा,Quit the task,काम सोडा,Never solve the problem,कधीही समस्या सोडवू नका,Quit the job,नोकरी सोडली,A,Try another way,दुसरा मार्ग वापरून पहा
60,9,Becoming a Professional in the 21st Century,२१ व्या शतकात व्यावसायिक बनणे,Problem Solving,समस्या सोडवणे,30,Steve’s mother told him that the mixer grinder is not working. What should be his first step in order to solve the problem?,स्टीव्हच्या आईने त्याला सांगितले की मिक्सर ग्राइंडर काम करत नाही. समस्येचे निराकरण करण्यासाठी त्याचे पहिले पाऊल काय असावे?,Complain,तक्रार करा,Identify the problem,समस्या ओळखा,Sell the mixer,मिक्सरची विक्री करा,Throw it,फेकून द्या,B,Identify the problem,समस्या ओळखा
61,10,Basic English Skills,मूलभूत इंग्रजी कौशल्ये,Naming Words,नामकरण शब्द,1,English is a ______ language.,इंग्रजी ही ______ भाषा आहे.,Common,सामान्य,Day,दिवस,Night,रात्री,Evening,संध्याकाळ,A,Common,सामान्य
62,10,Basic English Skills,मूलभूत इंग्रजी कौशल्ये,Naming Words,नामकरण शब्द,2,Using Internet is easy if we learn _______.,जर आपण _______ शिकलो तर इंटरनेट वापरणे सोपे आहे.,Sports,खेळ,English,इंग्रजी,Maths,गणित,Science,विज्ञान,B,English,इंग्रजी
63,10,Basic English Skills,मूलभूत इंग्रजी कौशल्ये,Naming Words,नामकरण शब्द,3,We can learn English by _______.,आपण _______ द्वारे इंग्रजी शिकू शकतो.,Cooking,स्वयंपाक,Playing,खेळत आहे,Reading newspaper,वर्तमानपत्र वाचत आहे,None of these,यापैकी काहीही नाही,C,Reading newspaper,वर्तमानपत्र वाचत आहे
64,10,Basic English Skills,मूलभूत इंग्रजी कौशल्ये,Naming Words,नामकरण शब्द,4,"Tom tries to read the name boards, advertisements and posters that are in English. This helps him to_________ .","टॉम इंग्रजीत असलेल्या नावाच्या पाट्या, जाहिराती आणि पोस्टर्स वाचण्याचा प्रयत्न करतो. हे त्याला _________ करण्यास मदत करते.",Play,खेळा,Friends,मित्रांनो,See,पहा,Improve his English,त्याचे इंग्रजी सुधारा,D,Improve his English,त्याचे इंग्रजी सुधारा
65,10,Basic English Skills,मूलभूत इंग्रजी कौशल्ये,Naming Words,नामकरण शब्द,5,"When people from different states/ countries meet officially, _____ is the commonly used language to communicate with each other.",जेव्हा विविध राज्ये/देशातील लोक अधिकृतपणे भेटतात तेव्हा एकमेकांशी संवाद साधण्यासाठी _____ ही सामान्यतः वापरली जाणारी भाषा असते.,Latin,लॅटिन,English,इंग्रजी,Newspaper,वर्तमानपत्र,Action,कृती,B,English,इंग्रजी
66,10,Basic English Skills,मूलभूत इंग्रजी कौशल्ये,Naming Words,नामकरण शब्द,6,"Words that are used to name people, places, animals and things are ________.","लोक, ठिकाणे, प्राणी आणि वस्तूंना नाव देण्यासाठी वापरले जाणारे शब्द ________ आहेत.",Person,व्यक्ती,Table,टेबल,Naming words,नामकरण शब्द,Key,की,C,Naming words,नामकरण शब्द
67,10,Basic English Skills,मूलभूत इंग्रजी कौशल्ये,Naming Words,नामकरण शब्द,7,Naming words are also called ____.,नामकरण शब्दांना ____ असेही म्हणतात.,Nouns,संज्ञा,Verbs,क्रियापद,Action,कृती,Pronouns,सर्वनाम,A,Nouns,संज्ञा
68,10,Basic English Skills,मूलभूत इंग्रजी कौशल्ये,Naming Words,नामकरण शब्द,8,Bats fly during the night. In this sentence the word Bat is __________,वटवाघुळं रात्री उडतात. या वाक्यात बॅट हा शब्द _________ आहे.,A boring word,कंटाळवाणा शब्द,An action word,एक क्रिया शब्द,A cool word,मस्त शब्द,A Naming Word,एक नामकरण शब्द,D,A Naming Word,एक नामकरण शब्द
69,10,Basic English Skills,मूलभूत इंग्रजी कौशल्ये,Naming Words,नामकरण शब्द,9,Ram was asked to measure his cupboard. It was 4 feet tall. Here feet means ___.,रामला त्याच्या कपाटाचे मोजमाप करण्यास सांगितले. तो 4 फूट उंच होता. येथे पाय म्हणजे ___.,Taste,चव,Hand,हात,Leg,पाय,Measurement,मोजमाप,D,Measurement,मोजमाप
70,10,Basic English Skills,मूलभूत इंग्रजी कौशल्ये,Naming Words,नामकरण शब्द,10,John was travelling by bus to his village. He noted the names of places that he could see on his journey. What are these words called as?,जॉन त्याच्या गावी बसने प्रवास करत होता. प्रवासात बघता येण्याजोग्या ठिकाणांची नावे त्याने टिपली. या शब्दांना काय म्हणतात?,Naming words,नामकरण शब्द,His,त्याच्या,That,ते,See,पहा,A,Naming words,नामकरण शब्द
71,11,Basic English Skills,मूलभूत इंग्रजी कौशल्ये,Naming words - Singular and Plural,नामकरण शब्द - एकवचनी आणि अनेकवचन,11,Cats is an example of _____ word.,मांजरी हे _____ शब्दाचे उदाहरण आहे.,Words,शब्द,Plural,अनेकवचन,Singular,एकवचनी,Opposite,विरुद्ध,B,Plural,अनेकवचन
72,11,Basic English Skills,मूलभूत इंग्रजी कौशल्ये,Naming words - Singular and Plural,नामकरण शब्द - एकवचनी आणि अनेकवचन,12,"Singular naming words are used when _____ person, place or thing is present.","_____ व्यक्ती, ठिकाण किंवा वस्तू उपस्थित असताना एकवचनी नामकरण शब्द वापरले जातात.",Many,अनेक,Few,काही,One,एक,More,अधिक,C,One,एक
73,11,Basic English Skills,मूलभूत इंग्रजी कौशल्ये,Naming words - Singular and Plural,नामकरण शब्द - एकवचनी आणि अनेकवचन,13,Plural form of child is___.,मुलाचे अनेकवचनी रूप ___ आहे.,Person,व्यक्ती,Infant,अर्भक,Kid,किड,Children,मुले,D,Children,मुले
74,11,Basic English Skills,मूलभूत इंग्रजी कौशल्ये,Naming words - Singular and Plural,नामकरण शब्द - एकवचनी आणि अनेकवचन,14,A child was working in the computer lab which had many computers. The word “computers” is in the____ form.,"एक मूल संगणक प्रयोगशाळेत काम करत होते ज्यात अनेक संगणक होते. ""संगणक"" हा शब्द ____ स्वरूपात आहे.",Less,कमी,Plural,अनेकवचन,Minimum,किमान,Maximum,कमाल,B,Plural,अनेकवचन
75,11,Basic English Skills,मूलभूत इंग्रजी कौशल्ये,Naming words - Singular and Plural,नामकरण शब्द - एकवचनी आणि अनेकवचन,15,"Vinay visited the dentist because he was suffering from tooth ache. Dentist treats our teeth problems. In this sentence, which is the plural word?",दातदुखीचा त्रास होत असल्याने विनयने डेंटिस्टकडे भेट दिली. दंतचिकित्सक आपल्या दातांच्या समस्यांवर उपचार करतात. या वाक्यात अनेकवचनी शब्द कोणता?,Teeth,दात,Tooth,दात,Vinay,विनय,Dentist,दंतवैद्य,A,Teeth,दात
76,11,Basic English Skills,मूलभूत इंग्रजी कौशल्ये,Pronouns,सर्वनाम,16,"Pronouns (ex: he, she, her) can be used in the place of ________.","सर्वनाम (उदा: तो, ती, तिचे) ________ च्या जागी वापरले जाऊ शकतात.",Spellings,शब्दलेखन,Adjective,विशेषण,Verb,क्रियापद,Naming words,नामकरण शब्द,D,Naming words,नामकरण शब्द
77,11,Basic English Skills,मूलभूत इंग्रजी कौशल्ये,Pronouns,सर्वनाम,17,They’ is used when we want to refer to _____.,जेव्हा आम्ही _____ चा संदर्भ घेऊ इच्छितो तेव्हा ते वापरले जातात.,He,तो,She,ती,Many people,अनेक लोक,Our,आमचे,C,Many people,अनेक लोक
78,11,Basic English Skills,मूलभूत इंग्रजी कौशल्ये,Pronouns,सर्वनाम,18,The pronoun “I” is used for ______.,सर्वनाम “I” हे ______ साठी वापरले जाते.,Many,अनेक,Myself,मी स्वतः,Other,इतर,That,ते,B,Myself,मी स्वतः
79,11,Basic English Skills,मूलभूत इंग्रजी कौशल्ये,Pronouns,सर्वनाम,19,Ramesh is working in Chennai. ____ likes the office environment.,रमेश चेन्नई येथे कार्यरत आहे. ____ ला ऑफिसचे वातावरण आवडते.,He,तो,It,ते,That,ते,What,काय,A,He,तो
80,11,Basic English Skills,मूलभूत इंग्रजी कौशल्ये,Pronouns,सर्वनाम,20,Sita and I are friends. _____ stays in Gandhi Bazar.,सीता आणि मी मित्र आहोत. _____ गांधीबाजारमध्ये राहतो.,What,काय,She,ती,A,ए,And,आणि,B,She,ती
81,12,Basic English Skills,मूलभूत इंग्रजी कौशल्ये,Action Words,क्रिया शब्द,21,Action words are also called _____.,क्रिया शब्दांना _____ असेही म्हणतात.,Center,केंद्र,Are,आहेत,Verbs,क्रियापद,Is,आहे,C,Verbs,क्रियापद
82,12,Basic English Skills,मूलभूत इंग्रजी कौशल्ये,Action Words,क्रिया शब्द,22,Verbs tell the action of the _____.,क्रियापद _____ ची क्रिया सांगतात.,Cow,गाय,Change,बदला,Act,कायदा,Naming words,नामकरण शब्द,D,Naming words,नामकरण शब्द
83,12,Basic English Skills,मूलभूत इंग्रजी कौशल्ये,Action Words,क्रिया शब्द,23,Kim fell from her bike yesterday. The action in the sentence is in __________ tense.,किम काल तिच्या दुचाकीवरून पडली. वाक्यातील क्रिया __________ काळातील आहे.,Future,भविष्य,Past,भूतकाळ,Present,उपस्थित,Clear,साफ,B,Past,भूतकाळ
84,12,Basic English Skills,मूलभूत इंग्रजी कौशल्ये,Action Words,क्रिया शब्द,24,“It is going to be a sunny day tomorrow”. The action in this sentence is in _________ tense.,"""उद्या एक सनी दिवस असणार आहे"". या वाक्यातील क्रिया _________ काळातील आहे.",Future,भविष्य,Past,भूतकाळ,Date,तारीख,Day,दिवस,A,Future,भविष्य
85,12,Basic English Skills,मूलभूत इंग्रजी कौशल्ये,Action Words,क्रिया शब्द,25,Arun travels to school by bus. The action word in the sentence is _____.,अरुण शाळेत बसने प्रवास करतो. वाक्यातील क्रिया शब्द _____ आहे.,bus,बस,travels,प्रवास,school,शाळा,Arun,अरुण,B,travels,प्रवास
86,12,Basic English Skills,मूलभूत इंग्रजी कौशल्ये,"Describing Objects, Surroundings and Processes","वस्तू, परिसर आणि प्रक्रियांचे वर्णन करणे",26,Adjectives are ____ words.,विशेषण ____ शब्द आहेत.,Sound,आवाज,Finish,समाप्त करा,Describing,वर्णन करत आहे,Neutral,तटस्थ,C,Describing,वर्णन करत आहे
87,12,Basic English Skills,मूलभूत इंग्रजी कौशल्ये,"Describing Objects, Surroundings and Processes","वस्तू, परिसर आणि प्रक्रियांचे वर्णन करणे",27,Describing words add more information to the ____.,वर्णन करणारे शब्द ____ मध्ये अधिक माहिती जोडतात.,Naming words,नामकरण शब्द,Bad,वाईट,Sad,उदास,Numbers,संख्या,A,Naming words,नामकरण शब्द
88,12,Basic English Skills,मूलभूत इंग्रजी कौशल्ये,"Describing Objects, Surroundings and Processes","वस्तू, परिसर आणि प्रक्रियांचे वर्णन करणे",28,It is a _____ knife. Fill in the correct adjective.,तो एक _____ चाकू आहे. योग्य विशेषण भरा.,this,हे,sharp,तीक्ष्ण,and,आणि,there,तेथे,B,sharp,तीक्ष्ण
89,12,Basic English Skills,मूलभूत इंग्रजी कौशल्ये,"Describing Objects, Surroundings and Processes","वस्तू, परिसर आणि प्रक्रियांचे वर्णन करणे",29,“The sea is blue”. In this sentence ____ is an adjective.,"""समुद्र निळा आहे"". या वाक्यात ____ हे विशेषण आहे.",sea,समुद्र,the,द,is,आहे,blue,निळा,D,blue,निळा
90,12,Basic English Skills,मूलभूत इंग्रजी कौशल्ये,"Describing Objects, Surroundings and Processes","वस्तू, परिसर आणि प्रक्रियांचे वर्णन करणे",30,“Arjun filled water into a large pot”. In this sentence the describing word is ________.,अर्जुनने एका मोठ्या भांड्यात पाणी भरले. या वाक्यात वर्णन करणारा शब्द ________ आहे.,large,मोठे,Arjun,अर्जुन,water,पाणी,into,मध्ये,A,large,मोठे
91,13,Basic English Skills,मूलभूत इंग्रजी कौशल्ये,Introduction to Punctuation,विरामचिन्हांचा परिचय,31,The punctuation in a sentence makes the meaning __________ to understand.,वाक्यातील विरामचिन्हे __________ अर्थ समजून घेतात.,ambiguous,अस्पष्ट,unclear,अस्पष्ट,think,विचार,clear,स्पष्ट,D,clear,स्पष्ट
92,13,Basic English Skills,मूलभूत इंग्रजी कौशल्ये,Introduction to Punctuation,विरामचिन्हांचा परिचय,32,The beginning of a sentence should start with _______ letter,वाक्याची सुरुवात ______ या अक्षराने व्हायला हवी,Capital,भांडवल,Small,लहान,Cursive,कर्सिव्ह,Italics,तिर्यक,A,Capital,भांडवल
93,13,Basic English Skills,मूलभूत इंग्रजी कौशल्ये,Introduction to Punctuation,विरामचिन्हांचा परिचय,33,Comma is used to show a ____ within the sentence.,स्वल्पविराम वाक्यात ____ दाखवण्यासाठी वापरला जातो.,Full stop,पूर्णविराम,Pair,जोडी,Break,ब्रेक,Capital letter,कॅपिटल अक्षर,C,Break,ब्रेक
94,13,Basic English Skills,मूलभूत इंग्रजी कौशल्ये,Introduction to Punctuation,विरामचिन्हांचा परिचय,34,Sita wanted to ask Nina about her summer plan. Choose the correct answer.,सीतेला नीनाला तिच्या उन्हाळ्याच्या प्लॅनबद्दल विचारायचे होते. योग्य उत्तर निवडा.,Nina is your plan.,नीना तुझी योजना आहे.,"Nina, what is your summer plan?","नीना, तुझा समर प्लान काय आहे?",What Nina asked?,नीनाने काय विचारले?,None of these,यापैकी काहीही नाही,B,"Nina, what is your summer plan?","नीना, तुझा समर प्लान काय आहे?"
95,13,Basic English Skills,मूलभूत इंग्रजी कौशल्ये,Introduction to Punctuation,विरामचिन्हांचा परिचय,35,Add comma wherever it is necessary. After the meeting we will go out.,जिथे आवश्यक असेल तिथे स्वल्पविराम जोडा. मीटिंगनंतर आम्ही बाहेर जाऊ.,"After, the meeting, we will go out.",मीटिंगनंतर आम्ही बाहेर जाऊ.,"After the meeting, we will go out.",बैठक संपल्यानंतर आपण बाहेर जाऊ.,"After the, meeting we will go, out.","भेटीनंतर, आम्ही बाहेर जाऊ.",After the meeting we will go out.,मीटिंगनंतर आम्ही बाहेर जाऊ.,B,"After the meeting, we will go out.",बैठक संपल्यानंतर आपण बाहेर जाऊ.
96,13,Basic English Skills,मूलभूत इंग्रजी कौशल्ये,Kinds of Sentences- Introduction,वाक्यांचे प्रकार - परिचय,36,Sentences are _________________.,वाक्ये _________________ आहेत.,group of words with complete meaning,संपूर्ण अर्थासह शब्दांचा समूह,Verbs,क्रियापद,Nouns,संज्ञा,Letters,अक्षरे,A,group of words with complete meaning,संपूर्ण अर्थासह शब्दांचा समूह
97,13,Basic English Skills,मूलभूत इंग्रजी कौशल्ये,Kinds of Sentences- Introduction,वाक्यांचे प्रकार - परिचय,37,A declarative sentence tells us some information or explanation. It ends with _________.,एक घोषणात्मक वाक्य आम्हाला काही माहिती किंवा स्पष्टीकरण सांगते. हे _________ ने समाप्त होते.,"Comma (,)","स्वल्पविराम (,)",Question mark (?),प्रश्नचिन्ह (?),Full stop (.),पूर्णविराम (.),Exclamatory mark (!),उद्गारवाचक चिन्ह (!),C,Full stop (.),पूर्णविराम (.)
98,13,Basic English Skills,मूलभूत इंग्रजी कौशल्ये,Kinds of Sentences- Introduction,वाक्यांचे प्रकार - परिचय,38,An exclamatory sentence ends with the _____.,उद्गारवाचक वाक्य _____ ने समाप्त होते.,Full stop (.),पूर्णविराम (.),"Comma (,)","स्वल्पविराम (,)",Question mark (?),प्रश्नचिन्ह (?),Exclamatory mark (!),उद्गारवाचक चिन्ह (!),D,Exclamatory mark (!),उद्गारवाचक चिन्ह (!)
99,13,Basic English Skills,मूलभूत इंग्रजी कौशल्ये,Kinds of Sentences- Introduction,वाक्यांचे प्रकार - परिचय,39,Wow! The flowers in the park are beautiful. This is a _________ sentence.,व्वा! उद्यानातील फुले सुंदर आहेत. हे _________ वाक्य आहे.,Declarative (.),घोषणात्मक (.),Exclamatory (!),उद्गारात्मक (!),Imperative,अत्यावश्यक,Interrogative (?),प्रश्नार्थक (?),B,Exclamatory (!),उद्गारात्मक (!)
100,13,Basic English Skills,मूलभूत इंग्रजी कौशल्ये,Kinds of Sentences- Introduction,वाक्यांचे प्रकार - परिचय,40,The police were questioning about his crime. What type of sentence is it?,त्याच्या गुन्ह्याबाबत पोलीस चौकशी करत होते. हे कोणत्या प्रकारचे वाक्य आहे?,Declarative (.),घोषणात्मक (.),Interrogative (?),प्रश्नार्थक (?),Exclamatory (!),उद्गारात्मक (!),None of these,यापैकी काहीही नाही,A,Declarative (.),घोषणात्मक (.)
101,14,Basic English Skills,मूलभूत इंग्रजी कौशल्ये,Writing Simple Sentences,साधी वाक्ये लिहिणे,41,Every complete sentence has ___.,Every complete sentence has ___.,1 part,1 भाग,2 parts,2 भाग,3 parts,3 भाग,4 parts,4 भाग,C,3 parts,3 भाग
102,14,Basic English Skills,मूलभूत इंग्रजी कौशल्ये,Writing Simple Sentences,साधी वाक्ये लिहिणे,42,The ________ is what or whom a sentence is about.,________ हे वाक्य काय किंवा कोणाबद्दल आहे.,Subject,विषय,Predicate,अंदाज,Object,ऑब्जेक्ट,Verb,क्रियापद,A,Subject,विषय
103,14,Basic English Skills,मूलभूत इंग्रजी कौशल्ये,Writing Simple Sentences,साधी वाक्ये लिहिणे,43,The correct order for a sentence is ________.,वाक्याचा योग्य क्रम ________ आहे.,"Subject, Verb, Object","विषय, क्रियापद, वस्तु","Subject, Verb","विषय, क्रियापद","Verb, Object, Subject","क्रियापद, वस्तु, विषय","Verb, Verb, Subject","क्रियापद, क्रियापद, विषय",A,"Subject, Verb, Object","विषय, क्रियापद, वस्तु"
104,14,Basic English Skills,मूलभूत इंग्रजी कौशल्ये,Writing Simple Sentences,साधी वाक्ये लिहिणे,44,Radha has learnt how to write a sentence. Which is the subject in this sentence?,राधाने वाक्य कसे लिहायचे ते शिकले आहे. या वाक्यातील विषय कोणता?,Learnt,शिकलो,How,कसे,Sentence,वाक्य,Radha,राधा,D,Radha,राधा
105,14,Basic English Skills,मूलभूत इंग्रजी कौशल्ये,Writing Simple Sentences,साधी वाक्ये लिहिणे,45,Choose the correct sentence.,योग्य वाक्य निवडा.,The road runs on cat.,रस्ता मांजरावर चालतो.,The cat runs on the road.,मांजर रस्त्यावर धावते.,Cat road runs.,मांजर रस्ता धावतो.,Runs on the road cat.,रस्त्यावर मांजर धावते.,B,The cat runs on the road.,मांजर रस्त्यावर धावते.
106,14,Basic English Skills,मूलभूत इंग्रजी कौशल्ये,Reading Activity,वाचन क्रियाकलाप,46,The most effective way to get information is by,माहिती मिळवण्याचा सर्वात प्रभावी मार्ग म्हणजे द्वारे,Writing,लेखन,Talking,बोलतोय,Reading,वाचन,Activity,क्रियाकलाप,C,Reading,वाचन
107,14,Basic English Skills,मूलभूत इंग्रजी कौशल्ये,Reading Activity,वाचन क्रियाकलाप,47,A poster presents information by using ______________.,पोस्टर ______________ वापरून माहिती सादर करते.,Novel,कादंबरी,Story,कथा,Images and colours,प्रतिमा आणि रंग,Exercise for practice,सरावासाठी व्यायाम,C,Images and colours,प्रतिमा आणि रंग
108,14,Basic English Skills,मूलभूत इंग्रजी कौशल्ये,Reading Activity,वाचन क्रियाकलाप,48,Symbols gives us information through ____.,चिन्हे आम्हाला ____ द्वारे माहिती देतात.,Colours,रंग,Images,प्रतिमा,Words,शब्द,Posters,पोस्टर्स,B,Images,प्रतिमा
109,14,Basic English Skills,मूलभूत इंग्रजी कौशल्ये,Reading Activity,वाचन क्रियाकलाप,49,Yash bought a bag which had recycle symbol. What should he do when the bag is old?,यशने रिसायकल सिम्बॉल असलेली बॅग खरेदी केली. बॅग जुनी झाल्यावर त्याने काय करावे?,Burn,जाळणे,Throw it in the river,नदीत फेकून द्या,Put it in soil,मातीत टाका,Should dispose it in recyclable items,पुनर्वापर करण्यायोग्य वस्तूंमध्ये त्याची विल्हेवाट लावावी,D,Should dispose it in recyclable items,पुनर्वापर करण्यायोग्य वस्तूंमध्ये त्याची विल्हेवाट लावावी
110,14,Basic English Skills,मूलभूत इंग्रजी कौशल्ये,Reading Activity,वाचन क्रियाकलाप,50,Raj was driving towards Mysore. On the way he found few arrows marked next to Mysore on the board. What does it suggest ?,राज म्हैसूरच्या दिशेने गाडी चालवत होता. वाटेत त्याला फळ्यावर म्हैसूरच्या शेजारी काही बाण दिसले. ते काय सुचवते ?,Direction,दिशा,Map,नकाशा,Way,मार्ग,None of these,यापैकी काहीही नाही,A,Direction,दिशा
111,15,Basic English Skills,मूलभूत इंग्रजी कौशल्ये,Speaking,बोलणे,51,People can hear the emotions and see our facial expression when we _____.,जेव्हा आपण _____ होतो तेव्हा लोक भावना ऐकू शकतात आणि आपल्या चेहऱ्यावरील हावभाव पाहू शकतात.,Speak,बोला,Listen,ऐका,Taste,चव,See,पहा,A,Speak,बोला
112,15,Basic English Skills,मूलभूत इंग्रजी कौशल्ये,Speaking,बोलणे,52,____ contact with the people we are speaking help us to communicate confidently.,____ आम्ही बोलत असलेल्या लोकांशी संपर्क आम्हाला आत्मविश्वासाने संवाद साधण्यास मदत करतो.,Nose,नाक,Eye,डोळा,Ear,कान,Skin,त्वचा,B,Eye,डोळा
113,15,Basic English Skills,मूलभूत इंग्रजी कौशल्ये,Speaking,बोलणे,53,Emotions can be expressed through your ___.,तुमच्या ___ द्वारे भावना व्यक्त केल्या जाऊ शकतात.,Height,उंची,Weight,वजन,Voice,आवाज,Situation,परिस्थिती,C,Voice,आवाज
114,15,Basic English Skills,मूलभूत इंग्रजी कौशल्ये,Speaking,बोलणे,54,"Sudha says, “I feel that these lights are too bright"". What is she communicating?","सुधा म्हणते, ""मला वाटते की हे दिवे खूप तेजस्वी आहेत"". ती काय संवाद साधत आहे?",Question,प्रश्न,Answer,उत्तर द्या,Idiom,वाक्प्रचार,Opinion Phrase,मत वाक्य,D,Opinion Phrase,मत वाक्य
115,15,Basic English Skills,मूलभूत इंग्रजी कौशल्ये,Speaking,बोलणे,55,John does not agree with his coworker about a task. How should he communicate his disagreement?,जॉन एखाद्या कामाबद्दल त्याच्या सहकाऱ्याशी सहमत नाही. त्याने त्याचे मतभेद कसे व्यक्त करावे?,You don't know anything.,तुला काही कळत नाही.,I respectfully disagree with what you are saying.,तुम्ही जे बोलत आहात त्याच्याशी मी आदरपूर्वक असहमत आहे.,You are wrong!,आपण चुकीचे आहात!,I will just do it my way.,मी फक्त माझ्या पद्धतीने करीन.,B,I respectfully disagree with what you are saying.,तुम्ही जे बोलत आहात त्याच्याशी मी आदरपूर्वक असहमत आहे.
116,15,Basic English Skills,मूलभूत इंग्रजी कौशल्ये,Listening,ऐकत आहे,56,Effective communication is to both ______.,प्रभावी संवाद ______ दोघांसाठी आहे.,speak and listen well,चांगले बोला आणि ऐका,speak well,चांगले बोल,see well,चांगले पहा,learn well,चांगले शिका,A,speak and listen well,चांगले बोला आणि ऐका
117,15,Basic English Skills,मूलभूत इंग्रजी कौशल्ये,Listening,ऐकत आहे,57,We should _____ instructions in the classroom.,आम्ही वर्गात _____ सूचना दिल्या पाहिजेत.,learn,शिका,listen to,ऐका,forget,विसरणे,ignore,दुर्लक्ष करा,B,listen to,ऐका
118,15,Basic English Skills,मूलभूत इंग्रजी कौशल्ये,Listening,ऐकत आहे,58,Listening is important to _____ the information given.,दिलेली माहिती _____ ऐकणे महत्वाचे आहे.,forget,विसरणे,overcome,मात,understand,समजून घेणे,disobey,अवज्ञा,C,understand,समजून घेणे
119,15,Basic English Skills,मूलभूत इंग्रजी कौशल्ये,Listening,ऐकत आहे,59,Rahul spends 30 minutes everyday watching news. He writes down few sentences about what is said. What is he trying to do?,राहुल दररोज ३० मिनिटे बातम्या पाहण्यात घालवतात. जे काही सांगितले आहे त्याबद्दल तो काही वाक्ये लिहितो. तो काय करू पाहत आहे?,Practicing listening,ऐकण्याचा सराव करतो,Practicing News,बातम्यांचा सराव,Practicing Movements,हालचालींचा सराव करणे,None of these,यापैकी काहीही नाही,A,Practicing listening,ऐकण्याचा सराव करतो
120,15,Basic English Skills,मूलभूत इंग्रजी कौशल्ये,Listening,ऐकत आहे,60,Teacher Meena advised her students to write down 2 or 3 sentences when she explains the lesson. How does it help the students?,शिक्षिका मीना यांनी आपल्या विद्यार्थ्यांना धडा समजावून सांगताना 2 किंवा 3 वाक्ये लिहून ठेवण्याचा सल्ला दिला. याचा विद्यार्थ्यांना कसा फायदा होतो?,Speak,बोला,Recollect what she said,ती काय म्हणाली ते आठवा,Write,लिहा,Read,वाचा,B,Recollect what she said,ती काय म्हणाली ते आठवा
121,16,Basic English Skills,मूलभूत इंग्रजी कौशल्ये,Talking about Likes and Dislikes,आवडी-निवडीबद्दल बोलणे,61,Things or activities that we enjoy are ____.,आपण ज्या गोष्टी किंवा क्रियाकलापांचा आनंद घेतो त्या ____ आहेत.,Dislikes,नापसंत,Negative,नकारात्मक,Emotions,भावना,Likes,आवडी,D,Likes,आवडी
122,16,Basic English Skills,मूलभूत इंग्रजी कौशल्ये,Talking about Likes and Dislikes,आवडी-निवडीबद्दल बोलणे,62,Dislikes are things towards which we have ____.,नापसंती या गोष्टी आहेत ज्यांच्याकडे आपण ____ आहोत.,Negative emotion,नकारात्मक भावना,Positive emotion,सकारात्मक भावना,Likes,आवडी,Interests,स्वारस्य,A,Negative emotion,नकारात्मक भावना
123,16,Basic English Skills,मूलभूत इंग्रजी कौशल्ये,Talking about Likes and Dislikes,आवडी-निवडीबद्दल बोलणे,63,'I adore’ phrase is used to express ____ of something.,'मला पूज्य आहे' हा वाक्प्रचार ____ व्यक्त करण्यासाठी वापरला जातो.,A dislike,एक नापसंती,A bad feeling,एक वाईट भावना,A strong admiration,एक जोरदार प्रशंसा,A poor admiration,एक गरीब प्रशंसा,C,A strong admiration,एक जोरदार प्रशंसा
124,16,Basic English Skills,मूलभूत इंग्रजी कौशल्ये,Talking about Likes and Dislikes,आवडी-निवडीबद्दल बोलणे,64,"Naveen is fond of dogs, but Sheetal hates dogs. In this sentence who likes dogs?","नवीनला कुत्र्यांची आवड आहे, पण शीतलला कुत्र्यांचा तिरस्कार आहे. या वाक्यात कुत्रे कोणाला आवडतात?",Sheetal,शीतल,Naveen,नवीन,Both Sheetal and Naveen,शीतल आणि नवीन दोघेही,Dog,कुत्रा,B,Naveen,नवीन
125,16,Basic English Skills,मूलभूत इंग्रजी कौशल्ये,Talking about Likes and Dislikes,आवडी-निवडीबद्दल बोलणे,65,Smith! Would you like playing cricket or football this evening? If Smith likes to play both how will he answer? _____ playing any of them.,स्मिथ! आज संध्याकाळी तुम्हाला क्रिकेट किंवा फुटबॉल खेळायला आवडेल? स्मिथला दोन्ही खेळायला आवडत असेल तर तो कसा उत्तर देईल? _____ त्यापैकी कोणतेही खेळत आहे.,I don’t mind,माझी हरकत नाही,I hate,मी द्वेष करतो,I want,मला पाहिजे,I won’t,मी करणार नाही,A,I don’t mind,माझी हरकत नाही
126,16,Basic English Skills,मूलभूत इंग्रजी कौशल्ये,Greetings and Self- Introduction,अभिवादन आणि स्व-परिचय,66,Formal greetings are used in _____.,औपचारिक अभिवादन _____ मध्ये वापरले जातात.,Family,कुटुंब,Workplace,कामाची जागा,House,घर,Friends,मित्रांनो,B,Workplace,कामाची जागा
127,16,Basic English Skills,मूलभूत इंग्रजी कौशल्ये,Greetings and Self- Introduction,अभिवादन आणि स्व-परिचय,67,___ greetings are used while speaking to friends and family.,मित्र आणि कुटुंबियांशी बोलताना ___ ग्रीटिंग्जचा वापर केला जातो.,Formal,औपचारिक,Due,देय,Informal,अनौपचारिक,No,नाही,C,Informal,अनौपचारिक
128,16,Basic English Skills,मूलभूत इंग्रजी कौशल्ये,Greetings and Self- Introduction,अभिवादन आणि स्व-परिचय,68,Which of these is an informal greeting?,यापैकी कोणते अनौपचारिक अभिवादन आहे?,Good day,शुभ दिवस,Good morning,शुभ सकाळ,Good evening,शुभ संध्याकाळ,Hey,अहो,D,Hey,अहो
129,16,Basic English Skills,मूलभूत इंग्रजी कौशल्ये,Greetings and Self- Introduction,अभिवादन आणि स्व-परिचय,69,Malini is attending her new school today. She introduces herself as _____.,मालिनी आज तिच्या नवीन शाळेत जात आहे. तिने स्वतःची ओळख _____ अशी करून दिली.,Good bye,गुड बाय,Hello everyone!,सर्वांना नमस्कार!,What’s up guys,काय चालले आहे मित्रांनो,Longtime everyone,प्रत्येकजण दीर्घकाळ,B,Hello everyone!,सर्वांना नमस्कार!
130,16,Basic English Skills,मूलभूत इंग्रजी कौशल्ये,Greetings and Self- Introduction,अभिवादन आणि स्व-परिचय,70,Sanju met her cousin Keerti accidentally in a mall. How should she greet her?,संजू तिची चुलत बहीण कीर्तीला चुकून एका मॉलमध्ये भेटली. तिला नमस्कार कसा करावा?,"Long time, no see!","बराच वेळ, दिसत नाही!",What are you doing here?,तुम्ही इथे काय करत आहात?,Thank you!,धन्यवाद!,Take care!,काळजी घ्या!,A,"Long time, no see!","बराच वेळ, दिसत नाही!"
131,17,Basic English Skills,मूलभूत इंग्रजी कौशल्ये,Asking and Responding to Questions,प्रश्न विचारणे आणि त्यांना उत्तरे देणे,71,When you ask someone something it is ___.,जेव्हा तुम्ही एखाद्याला काहीतरी विचारता तेव्हा ते ___ असते.,Answer,उत्तर द्या,Blank,कोरा,Question,प्रश्न,Response,प्रतिसाद,C,Question,प्रश्न
132,17,Basic English Skills,मूलभूत इंग्रजी कौशल्ये,Asking and Responding to Questions,प्रश्न विचारणे आणि त्यांना उत्तरे देणे,72,Question always end with a ____.,प्रश्न नेहमी ____ ने समाप्त होतो.,"Comma ,","स्वल्पविराम,",Question mark ?,प्रश्नचिन्ह?,Exclamation mark !,उद्गार चिन्ह!,Full stop .,पूर्णविराम.,B,Question mark ?,प्रश्नचिन्ह?
133,17,Basic English Skills,मूलभूत इंग्रजी कौशल्ये,Asking and Responding to Questions,प्रश्न विचारणे आणि त्यांना उत्तरे देणे,73,___questions give clear indication of the information the person wants to know.,___प्रश्न व्यक्तीला जाणून घ्यायच्या असलेल्या माहितीचे स्पष्ट संकेत देतात.,Wh-,व्ह-,Yes or No,होय किंवा नाही,No,नाही,Closed questions,बंद प्रश्न,A,Wh-,व्ह-
134,17,Basic English Skills,मूलभूत इंग्रजी कौशल्ये,Asking and Responding to Questions,प्रश्न विचारणे आणि त्यांना उत्तरे देणे,74,Vinutha was questioned whether she has completed her degree in an interview. How should she respond stating that she has completed?,एका मुलाखतीत विनुताला तिने पदवी पूर्ण केली आहे का असा प्रश्न विचारला होता. तिने पूर्ण केले आहे असे सांगून तिला कसे प्रतिसाद द्यावे?,Yes,होय,No,नाही,"Yes, I have completed my degree","होय, मी माझी पदवी पूर्ण केली आहे",Completed my degree,माझी पदवी पूर्ण केली,C,"Yes, I have completed my degree","होय, मी माझी पदवी पूर्ण केली आहे"
135,17,Basic English Skills,मूलभूत इंग्रजी कौशल्ये,Asking and Responding to Questions,प्रश्न विचारणे आणि त्यांना उत्तरे देणे,75,Tutor asked his student whether he knew to use Windows? How should the student answer?,ट्यूटरने आपल्या विद्यार्थ्याला विचारले की त्याला विंडोज वापरणे माहित आहे का? विद्यार्थ्याने कसे उत्तर द्यावे?,Done,झाले,"Yes, I know how to use Windows","होय, मला विंडोज कसे वापरायचे हे माहित आहे",Yup,होय,I will know,मला कळेल,B,"Yes, I know how to use Windows","होय, मला विंडोज कसे वापरायचे हे माहित आहे"
136,17,Basic English Skills,मूलभूत इंग्रजी कौशल्ये,Group Discussion on Simple Topics,सोप्या विषयांवर गट चर्चा,76,When two or more people give their thoughts and views on a topic. It is called a______.,जेव्हा दोन किंवा अधिक लोक एखाद्या विषयावर त्यांचे विचार आणि मते देतात. त्याला ______ म्हणतात.,Speaking,बोलणे,Listening,ऐकत आहे,Reading,वाचन,Group discussion,गट चर्चा,D,Group discussion,गट चर्चा
137,17,Basic English Skills,मूलभूत इंग्रजी कौशल्ये,Group Discussion on Simple Topics,सोप्या विषयांवर गट चर्चा,77,Group discussion helps us ____.,गट चर्चा आम्हाला ____ मदत करते.,argue,वाद घालणे,have fun,मजा करा,create problems,समस्या निर्माण करा,learn more and solve big problems,अधिक जाणून घ्या आणि मोठ्या समस्या सोडवा,D,learn more and solve big problems,अधिक जाणून घ्या आणि मोठ्या समस्या सोडवा
138,17,Basic English Skills,मूलभूत इंग्रजी कौशल्ये,Group Discussion on Simple Topics,सोप्या विषयांवर गट चर्चा,78,Which of these should not be used to express your opinion in a group discussion?,गटचर्चेत तुमचे मत व्यक्त करण्यासाठी यापैकी कोणता उपयोग करू नये?,It seems to me that,असे मला वाटते,Listen to me,माझे म्हणणे ऐका,In my opinion,माझ्या मते,I don’t quite agree,मी पूर्ण सहमत नाही,B,Listen to me,माझे म्हणणे ऐका
139,17,Basic English Skills,मूलभूत इंग्रजी कौशल्ये,Group Discussion on Simple Topics,सोप्या विषयांवर गट चर्चा,79,Mahesh and his team discussed about the steps to be followed to complete the project at the earliest. He was happy with the suggestions given by his teammates and granted to follow the same. How would he convey it?,महेश आणि त्यांच्या टीमने हा प्रकल्प लवकरात लवकर पूर्ण करण्यासाठी कोणत्या पावले उचलावीत याबद्दल चर्चा केली. त्याच्या सहकाऱ्यांनी दिलेल्या सूचनांमुळे तो खूश होता आणि त्याचे पालन करण्याची परवानगी दिली. तो कसा पोचवणार?,I agree with your plan of action,मी तुमच्या कृती योजनेशी सहमत आहे,You must follow what I tell you,मी तुम्हाला जे सांगतो ते तुम्ही पाळले पाहिजे,Don’t come here to talk,इथे बोलायला येऊ नका,I don’t agree with your plan,मी तुमच्या योजनेशी सहमत नाही,A,I agree with your plan of action,मी तुमच्या कृती योजनेशी सहमत आहे
140,17,Basic English Skills,मूलभूत इंग्रजी कौशल्ये,Group Discussion on Simple Topics,सोप्या विषयांवर गट चर्चा,80,Rita had to attend a group discussion on behalf of her company. What is she supposed to do before the meeting?,रिटाला तिच्या कंपनीच्या वतीने ग्रुप डिस्कशनला हजेरी लावायची होती. सभेपूर्वी तिने काय करावे?,Attend party,पार्टीला हजेरी लावा,Attend classes,वर्गांना हजेरी लावा,Be prepared about the topic,विषयासाठी तयार रहा,Take leave,रजा घ्या,C,Be prepared about the topic,विषयासाठी तयार रहा
141,18,Basic English Skills,मूलभूत इंग्रजी कौशल्ये,Telephone Skills,टेलिफोन कौशल्ये,81,A person who makes a call ________,कॉल करणारी व्यक्ती ________,Keypad,कीपॅड,Caller,कॉलर,Phase,टप्पा,Contacts,संपर्क,B,Caller,कॉलर
142,18,Basic English Skills,मूलभूत इंग्रजी कौशल्ये,Telephone Skills,टेलिफोन कौशल्ये,82,Receiver is a person who ____ the call.,प्राप्तकर्ता हा एक व्यक्ती आहे जो कॉल ____ करतो.,Blocks,अवरोध,Dials,डायल करतो,Receives,प्राप्त करतो,Rejects,नाकारतो,C,Receives,प्राप्त करतो
143,18,Basic English Skills,मूलभूत इंग्रजी कौशल्ये,Telephone Skills,टेलिफोन कौशल्ये,83,Phone call has ___ phases,फोन कॉलमध्ये ___ टप्पे असतात,End,शेवट,Middle,मधला,Different,वेगळे,Three,तीन,D,Three,तीन
144,18,Basic English Skills,मूलभूत इंग्रजी कौशल्ये,Telephone Skills,टेलिफोन कौशल्ये,84,Bindu receives a call from JJ company promoting a discount sale. She couldn’t clearly hear the details. How is she supposed to ask the person to repeat the information?,बिंदूला जेजे कंपनीकडून डिस्काउंट सेलची जाहिरात करणारा कॉल आला. तिला तपशील स्पष्टपणे ऐकू येत नव्हता. तिने त्या व्यक्तीला माहितीची पुनरावृत्ती करण्यास कसे सांगावे?,What is it?,ते काय आहे?,Could you please repeat?,तुम्ही कृपया पुनरावृत्ती करू शकाल का?,Speak loud,मोठ्याने बोला,I don’t know,मला माहीत नाही,B,Could you please repeat?,तुम्ही कृपया पुनरावृत्ती करू शकाल का?
145,18,Basic English Skills,मूलभूत इंग्रजी कौशल्ये,Telephone Skills,टेलिफोन कौशल्ये,85,Harish made a call to the Senior manager in a company. How is he supposed to start the conversation.?,हरीशने एका कंपनीतील वरिष्ठ व्यवस्थापकाला फोन लावला. त्याने संभाषण कसे सुरू करावे.,Greet the person,व्यक्तीला नमस्कार करा,Purpose of call,कॉलचा उद्देश,Thank the person,त्या व्यक्तीचे आभार,Good bye,गुड बाय,A,Greet the person,व्यक्तीला नमस्कार करा
146,18,Basic English Skills,मूलभूत इंग्रजी कौशल्ये,Reading and Understanding Job Descriptions,नोकरीचे वर्णन वाचणे आणि समजून घेणे,86,Document which has details of a job is ____.,नोकरीचे तपशील असलेले दस्तऐवज ____ आहे.,Letter,पत्र,Resume,पुन्हा सुरू करा,Job Description,नोकरीचे वर्णन,Report,अहवाल द्या,C,Job Description,नोकरीचे वर्णन
147,18,Basic English Skills,मूलभूत इंग्रजी कौशल्ये,Reading and Understanding Job Descriptions,नोकरीचे वर्णन वाचणे आणि समजून घेणे,87,Job title is the name of ___.,नोकरीचे शीर्षक ___ चे नाव आहे.,Company name,कंपनीचे नाव,Role you join,आपण सामील भूमिका,Company Job,कंपनी नोकरी,Summary,सारांश,B,Role you join,आपण सामील भूमिका
148,18,Basic English Skills,मूलभूत इंग्रजी कौशल्ये,Reading and Understanding Job Descriptions,नोकरीचे वर्णन वाचणे आणि समजून घेणे,88,Location for the job means ____.,नोकरीसाठी स्थान म्हणजे ____.,Title,शीर्षक,Description,वर्णन,Name,नाव,Place,ठिकाण,D,Place,ठिकाण
149,18,Basic English Skills,मूलभूत इंग्रजी कौशल्ये,Reading and Understanding Job Descriptions,नोकरीचे वर्णन वाचणे आणि समजून घेणे,89,Ravi read job description which specified “Familiarity with MS office”. What should he know?,"रवीने नोकरीचे वर्णन वाचले ज्यात ""एमएस ऑफिसची ओळख"" असे नमूद केले आहे. त्याला काय माहित असावे?",How to write an email,ईमेल कसा लिहायचा,How to get certification,प्रमाणपत्र कसे मिळवायचे,How to use MS Office,एमएस ऑफिस कसे वापरावे,How to study,अभ्यास कसा करायचा,C,How to use MS Office,एमएस ऑफिस कसे वापरावे
150,18,Basic English Skills,मूलभूत इंग्रजी कौशल्ये,Reading and Understanding Job Descriptions,नोकरीचे वर्णन वाचणे आणि समजून घेणे,90,Shyam and Ram applied for the same job. Shyam read the job description in detail and made note of important details. Who will know more about the company?,श्याम आणि राम यांनी एकाच नोकरीसाठी अर्ज केला. श्यामने नोकरीचे तपशीलवार वर्णन वाचले आणि महत्त्वाच्या तपशीलांची नोंद केली. कंपनीबद्दल अधिक माहिती कोणाला मिळेल?,Ram,राम,Shyam,श्याम,Both of them,त्या दोघांनाही,None of them,त्यापैकी एकही नाही,B,Shyam,श्याम
151,19,Basic English Skills,मूलभूत इंग्रजी कौशल्ये,Speak and Share Information about Workplace,कामाच्या ठिकाणाविषयी माहिती बोला आणि शेअर करा,91,"If you work in a large & popular company, what type of information is good to share about the workplace?","जर तुम्ही मोठ्या आणि लोकप्रिय कंपनीत काम करत असाल, तर कामाच्या ठिकाणी कोणत्या प्रकारची माहिती शेअर करणे चांगले आहे?",Type of job & Company name,नोकरीचा प्रकार आणि कंपनीचे नाव,Name of the workplace alone,एकट्या कामाच्या ठिकाणाचे नाव,Location,स्थान,None of these,यापैकी काहीही नाही,A,Type of job & Company name,नोकरीचा प्रकार आणि कंपनीचे नाव
152,19,Basic English Skills,मूलभूत इंग्रजी कौशल्ये,Speak and Share Information about Workplace,कामाच्या ठिकाणाविषयी माहिती बोला आणि शेअर करा,92,Which of these is not a positive word about your work?,तुमच्या कामाबद्दल यापैकी कोणता सकारात्मक शब्द नाही?,Fun,मजा,Exciting,रोमांचक,Boring,कंटाळवाणे,Interesting,मनोरंजक,C,Boring,कंटाळवाणे
153,19,Basic English Skills,मूलभूत इंग्रजी कौशल्ये,Speak and Share Information about Workplace,कामाच्या ठिकाणाविषयी माहिती बोला आणि शेअर करा,93,A person who works with us is called a____.,आमच्यासोबत काम करणाऱ्या व्यक्तीला ____ म्हणतात.,Friend,मित्र,Coworker,सहकारी,Family,कुटुंब,Relative,नातेवाईक,B,Coworker,सहकारी
154,19,Basic English Skills,मूलभूत इंग्रजी कौशल्ये,Speak and Share Information about Workplace,कामाच्या ठिकाणाविषयी माहिती बोला आणि शेअर करा,94,Ram is answering an interview question about his previous workplace. He didn't like his teammates. They argued a lot. Should he share this with the interviewer?,राम त्याच्या पूर्वीच्या कामाच्या ठिकाणाविषयी एका मुलाखतीच्या प्रश्नाचे उत्तर देत आहे. त्याला त्याचे सहकारी आवडत नव्हते. त्यांनी खूप वाद घातला. त्याने हे मुलाखतकाराशी शेअर करावे का?,"Yes, he should blame his team- mates for all the problems.","होय, त्याने सर्व समस्यांसाठी त्याच्या सहकाऱ्यांना दोष दिला पाहिजे.","No, he should avoid speaking negatively about his teammates.","नाही, त्याने आपल्या सहकाऱ्यांबद्दल नकारात्मक बोलणे टाळले पाहिजे.","Yes, he should discuss all the arguments in detail.","होय, त्याने सर्व युक्तिवादांची तपशीलवार चर्चा केली पाहिजे.","Yes, why not!","होय, का नाही!",B,"No, he should avoid speaking negatively about his teammates.","नाही, त्याने आपल्या सहकाऱ्यांबद्दल नकारात्मक बोलणे टाळले पाहिजे."
155,19,Basic English Skills,मूलभूत इंग्रजी कौशल्ये,Speak and Share Information about Workplace,कामाच्या ठिकाणाविषयी माहिती बोला आणि शेअर करा,95,"Ryan wants to speak to HR about his work. He should specify the name of his job, place of work and ____.","रायनला त्याच्या कामाबद्दल एचआरशी बोलायचे आहे. त्याने त्याच्या नोकरीचे नाव, कामाचे ठिकाण आणि ____ नमूद केले पाहिजे.",Team mates,संघमित्र,Senior name,ज्येष्ठ नाव,His needs,त्याच्या गरजा,Some information about his responsibilities,त्याच्या जबाबदाऱ्यांबद्दल काही माहिती,D,Some information about his responsibilities,त्याच्या जबाबदाऱ्यांबद्दल काही माहिती
156,19,Basic English Skills,मूलभूत इंग्रजी कौशल्ये,Writing Applications & Cover Letters,अर्ज आणि कव्हर लेटर्स लिहिणे,96,Most of the government job calls will be in ___ format.,बहुतेक सरकारी नोकरीचे कॉल ___ स्वरूपात असतील.,Paper format,कागदाचे स्वरूप,Direct,थेट,Indirect,अप्रत्यक्ष,In person,व्यक्तिशः,A,Paper format,कागदाचे स्वरूप
157,19,Basic English Skills,मूलभूत इंग्रजी कौशल्ये,Writing Applications & Cover Letters,अर्ज आणि कव्हर लेटर्स लिहिणे,97,An introduction letter is a ___.,परिचय पत्र ___ आहे.,E-mail,ई-मेल,Cover letter,कव्हर लेटर,Leave Letter,पत्र सोडा,Resume,पुन्हा सुरू करा,B,Cover letter,कव्हर लेटर
158,19,Basic English Skills,मूलभूत इंग्रजी कौशल्ये,Writing Applications & Cover Letters,अर्ज आणि कव्हर लेटर्स लिहिणे,98,"When you are interested in working for a company, you will write _______ letter",जेव्हा तुम्हाला एखाद्या कंपनीत काम करण्यास स्वारस्य असेल तेव्हा तुम्ही _______ पत्र लिहाल,an Application,एक अर्ज,a Referal,एक संदर्भ,a Leave,एक रजा,a Prospecting,एक पूर्वेक्षण,D,a Prospecting,एक पूर्वेक्षण
159,19,Basic English Skills,मूलभूत इंग्रजी कौशल्ये,Writing Applications & Cover Letters,अर्ज आणि कव्हर लेटर्स लिहिणे,99,Latha’s uncle works at the company where she has applied for a job. He offered to refer her for the position. What type of cover letter should Latha write to increase her chances of being considered for the job?,लताचे काका ज्या कंपनीत नोकरीसाठी अर्ज करतात तिथे काम करतात. त्याने तिला या पदासाठी रेफर करण्याची ऑफर दिली. नोकरीसाठी विचारात येण्याची शक्यता वाढवण्यासाठी लताने कोणत्या प्रकारचे कव्हर लेटर लिहावे?,Referral Cover Letter,रेफरल कव्हर लेटर,Letter of interest,आवडीचे पत्र,Leave letter,पत्र सोडा,Letter of absence,अनुपस्थितीचे पत्र,A,Referral Cover Letter,रेफरल कव्हर लेटर
160,19,Basic English Skills,मूलभूत इंग्रजी कौशल्ये,Writing Applications & Cover Letters,अर्ज आणि कव्हर लेटर्स लिहिणे,100,Shilpa is applying for a job online. She sends her application by email. What is she supposed to mention in the subject line to make it easy for the employer to find her email?,शिल्पा नोकरीसाठी ऑनलाइन अर्ज करत आहे. ती तिचा अर्ज ईमेलने पाठवते. नियोक्त्याला तिचा ईमेल शोधणे सोपे करण्यासाठी तिने विषय ओळीत काय नमूद केले पाहिजे?,Shilpa - Age,शिल्पा - वय,Shilpa - Job Position,शिल्पा - नोकरीची जागा,Education qualification,शैक्षणिक पात्रता,Pervious experience,नित्य अनुभव,B,Shilpa - Job Position,शिल्पा - नोकरीची जागा
161,20,Communication Skills,संभाषण कौशल्ये (Communication Skills),Importance of Communication,संवादाचे महत्त्व,1,"We can share our thoughts, ideas and feelings through ____.","आपण आपले विचार, कल्पना आणि भावना ____ द्वारे सामायिक करू शकतो.",Communication,संवाद,Reading,वाचन,Watching,पहात आहे,Hearing,सुनावणी,A,Communication,संवाद
162,20,Communication Skills,संभाषण कौशल्ये (Communication Skills),Importance of Communication,संवादाचे महत्त्व,2,Effective communication needs to be -,प्रभावी संवाद असणे आवश्यक आहे -,Simple,साधे,Clear,साफ,Complete,पूर्ण,All of these,वरील सर्व,D,All of these,वरील सर्व
163,20,Communication Skills,संभाषण कौशल्ये (Communication Skills),Importance of Communication,संवादाचे महत्त्व,3,Which among these is a type of communication?,यापैकी कोणता संवाद प्रकार आहे?,Verbal,शाब्दिक,Non-Verbal,अ-मौखिक,Visual,व्हिज्युअल,All of these,वरील सर्व,D,All of these,वरील सर्व
164,20,Communication Skills,संभाषण कौशल्ये (Communication Skills),Importance of Communication,संवादाचे महत्त्व,4,Nitya wanted to discuss an issue with her teammates. What type of communication is it?,नित्याला तिच्या सहकाऱ्यांसोबत एखाद्या मुद्द्यावर चर्चा करायची होती. हा कोणत्या प्रकारचा संवाद आहे?,Written,लिहिले,Verbal,शाब्दिक,Image,प्रतिमा,Video,व्हिडिओ,B,Verbal,शाब्दिक
165,20,Communication Skills,संभाषण कौशल्ये (Communication Skills),Importance of Communication,संवादाचे महत्त्व,5,"The way we sit, our facial expression and body language show __________ communication.","आपण ज्या प्रकारे बसतो, आपल्या चेहऱ्यावरील हावभाव आणि देहबोली ___________ संवाद दर्शवते.",non- verbal,गैर-मौखिक,verbal,शाब्दिक,informal,अनौपचारिक,written,लिहिलेले,A,non- verbal,गैर-मौखिक
166,20,Communication Skills,संभाषण कौशल्ये (Communication Skills),Verbal communication: Speaking,मौखिक संवाद: बोलणे,6,Verbal communication is the use of _____.,शाब्दिक संप्रेषण म्हणजे _____ चा वापर.,Sign,सही करा,Words,शब्द,Maths,गणित,Images,प्रतिमा,B,Words,शब्द
167,20,Communication Skills,संभाषण कौशल्ये (Communication Skills),Verbal communication: Speaking,मौखिक संवाद: बोलणे,7,Forms of verbal communication are ___.,शाब्दिक संवादाचे प्रकार ___ आहेत.,Making eye contact,डोळा संपर्क करणे,Thinking,विचार करत आहे,Writing and Speaking,लेखन आणि बोलणे,Dancing,नाचत,C,Writing and Speaking,लेखन आणि बोलणे
168,20,Communication Skills,संभाषण कौशल्ये (Communication Skills),Verbal communication: Speaking,मौखिक संवाद: बोलणे,8,Clear communication leads to _____.,स्पष्ट संवाद _____ कडे नेतो.,Different work,वेगळे काम,Opposite work,विरुद्ध काम,Slow work,संथ काम,Faster work,जलद काम,D,Faster work,जलद काम
169,20,Communication Skills,संभाषण कौशल्ये (Communication Skills),Verbal communication: Speaking,मौखिक संवाद: बोलणे,9,Seetha is speaking to her customers to understand how to improve her business. What type of communication is this?,सीता तिचा व्यवसाय कसा सुधारायचा हे समजून घेण्यासाठी तिच्या ग्राहकांशी बोलत आहे. हा कोणत्या प्रकारचा संवाद आहे?,Verbal Communication,मौखिक संप्रेषण,Non-Verbal Communication,गैर-मौखिक संप्रेषण,No Communication,संवाद नाही,Written communication,लेखी संवाद,A,Verbal Communication,मौखिक संप्रेषण
170,20,Communication Skills,संभाषण कौशल्ये (Communication Skills),Verbal communication: Speaking,मौखिक संवाद: बोलणे,10,Raj and Tej talk to each other only on the phone. What type of communication is this?,राज आणि तेज एकमेकांशी फक्त फोनवर बोलतात. हा कोणत्या प्रकारचा संवाद आहे?,Sign communication,संप्रेषण साइन करा,Non-Verbal Communication,गैर-मौखिक संप्रेषण,Verbal Communication,मौखिक संप्रेषण,Written communication,लेखी संवाद,C,Verbal Communication,मौखिक संप्रेषण
171,21,Communication Skills,संभाषण कौशल्ये (Communication Skills),Verbal communication: Writing,मौखिक संवाद: लेखन,11,Letter is a form of _________ communication.,पत्र हा _________ संवादाचा एक प्रकार आहे.,Non-verbal,अ-मौखिक,Spoken,बोलले,Written,लिहिले,Telephone,दूरध्वनी,C,Written,लिहिले
172,21,Communication Skills,संभाषण कौशल्ये (Communication Skills),Verbal communication: Writing,मौखिक संवाद: लेखन,12,A formal letter can be used for __________ purposes.,औपचारिक पत्र __________ उद्देशांसाठी वापरले जाऊ शकते.,Boring,कंटाळवाणे,Official,अधिकृत,Friendship,मैत्री,Fighting,मारामारी,B,Official,अधिकृत
173,21,Communication Skills,संभाषण कौशल्ये (Communication Skills),Verbal communication: Writing,मौखिक संवाद: लेखन,13,“Reg” in the letter means ___.,"पत्रातील ""Reg"" चा अर्थ ___ असा आहे.",Regarding,बाबत,Subject,विषय,Greetings,अभिवादन,Body,शरीर,A,Regarding,बाबत
174,21,Communication Skills,संभाषण कौशल्ये (Communication Skills),Verbal communication: Writing,मौखिक संवाद: लेखन,14,"Tom received a letter, but it did not have any details of who sent it. The letter was missing the ____________ address.","टॉमला एक पत्र मिळाले, पण ते कोणी पाठवले याचा तपशील त्यात नव्हता. पत्रात ____________ पत्ता नव्हता.",Receiver’s,प्राप्तकर्त्याचे,Sender’s,प्रेषकाचे,Greetings,अभिवादन,Subject,विषय,B,Sender’s,प्रेषकाचे
175,21,Communication Skills,संभाषण कौशल्ये (Communication Skills),Verbal communication: Writing,मौखिक संवाद: लेखन,15,Sam wanted to apply for a job. He thought of writing a cover letter to the company. But his friend suggested to attach _______ with the cover letter.,सॅमला नोकरीसाठी अर्ज करायचा होता. त्यांनी कंपनीला कव्हर लेटर लिहिण्याचा विचार केला. पण त्याच्या मित्राने कव्हर लेटरसोबत ______ जोडण्याची सूचना केली.,Brochure,माहितीपत्रक,Leave,सोडा,Formal,औपचारिक,Resume,पुन्हा सुरू करा,D,Resume,पुन्हा सुरू करा
176,21,Communication Skills,संभाषण कौशल्ये (Communication Skills),Non-Verbal Communication,गैर-मौखिक संप्रेषण,16,Which is not a type of non-verbal communication ?,कोणता गैर-मौखिक संवादाचा प्रकार नाही?,E-mail,ई-मेल,Eye-contact,डोळा-संपर्क,Hand movements,हाताच्या हालचाली,Facial expression,चेहर्यावरील हावभाव,A,E-mail,ई-मेल
177,21,Communication Skills,संभाषण कौशल्ये (Communication Skills),Non-Verbal Communication,गैर-मौखिक संप्रेषण,17,Shouting shows we are angry. Talking very slowly shows we are tired or sleepy. What part of non-verbal communication helps us understand this?,आरडाओरडा दाखवतो की आपण रागावलो आहोत. खूप हळू बोलणे हे दर्शवते की आपण थकलो आहोत किंवा झोपलो आहोत. गैर-मौखिक संवादाचा कोणता भाग आपल्याला हे समजण्यास मदत करतो?,Smile,हसा,Hand movements,हाताच्या हालचाली,Tone of voice,आवाजाचा स्वर,Eye movements,डोळ्यांच्या हालचाली,C,Tone of voice,आवाजाचा स्वर
178,21,Communication Skills,संभाषण कौशल्ये (Communication Skills),Non-Verbal Communication,गैर-मौखिक संप्रेषण,18,Distance between yourself and the other person is called ________.,स्वतःच्या आणि समोरच्या व्यक्तीमधील अंतराला ________ म्हणतात.,Spatial distance,अवकाशीय अंतर,Relationship,नातेसंबंध,Informal,अनौपचारिक,Close,बंद करा,A,Spatial distance,अवकाशीय अंतर
179,21,Communication Skills,संभाषण कौशल्ये (Communication Skills),Non-Verbal Communication,गैर-मौखिक संप्रेषण,19,"When talking to our co-workers, we should not stand or sit _________ to them.","आमच्या सहकाऱ्यांशी बोलतांना, आम्ही त्यांच्याशी _________ उभे किंवा बसू नये.",too close,खूप जवळ,opposite,विरुद्ध,In front of,समोर,next to,च्या पुढे,A,too close,खूप जवळ
180,21,Communication Skills,संभाषण कौशल्ये (Communication Skills),Non-Verbal Communication,गैर-मौखिक संप्रेषण,20,Cherry is going for an interview. What should she not do?,चेरी मुलाखतीसाठी जात आहे. तिने काय करू नये?,Wear formal dress,फॉर्मल ड्रेस घाला,Apply too much makeup or perfume,खूप मेकअप किंवा परफ्यूम लावा,Take her resume,तिचा रेझ्युमे घ्या,Wear clean clothes,स्वच्छ कपडे घाला,B,Apply too much makeup or perfume,खूप मेकअप किंवा परफ्यूम लावा
181,22,Communication Skills,संभाषण कौशल्ये (Communication Skills),Practicing Effective Communication,प्रभावी संप्रेषणाचा सराव करणे,21,You can speak to your friend________.,तुम्ही तुमच्या मित्राशी ________ बोलू शकता.,Formally,औपचारिकपणे,Informally,अनौपचारिकपणे,By reading their mind,त्यांचे मन वाचून,By dancing,नृत्य करून,B,Informally,अनौपचारिकपणे
182,22,Communication Skills,संभाषण कौशल्ये (Communication Skills),Practicing Effective Communication,प्रभावी संप्रेषणाचा सराव करणे,22,Which is not a type of communication?,कोणता संवादाचा प्रकार नाही?,Verbal,शाब्दिक,Non-verbal,अ-मौखिक,Written,लिहिले,Driving,ड्रायव्हिंग,D,Driving,ड्रायव्हिंग
183,22,Communication Skills,संभाषण कौशल्ये (Communication Skills),Practicing Effective Communication,प्रभावी संप्रेषणाचा सराव करणे,23,Formal communication is used at ____.,औपचारिक संप्रेषण ____ येथे वापरले जाते.,Friend,मित्र,House,घर,Party,पार्टी,Workplace,कामाची जागा,D,Workplace,कामाची जागा
184,22,Communication Skills,संभाषण कौशल्ये (Communication Skills),Practicing Effective Communication,प्रभावी संप्रेषणाचा सराव करणे,24,Vinod met his new manager at his workplace. He had to ______ himself first.,विनोद त्याच्या नवीन व्यवस्थापकाला त्याच्या कामाच्या ठिकाणी भेटला. त्याला आधी स्वतःला ______ करावे लागले.,Thank,धन्यवाद,Introduce,परिचय द्या,Appreciate,कौतुक करा,Praise,स्तुती,B,Introduce,परिचय द्या
185,22,Communication Skills,संभाषण कौशल्ये (Communication Skills),Practicing Effective Communication,प्रभावी संप्रेषणाचा सराव करणे,25,"Whenever we are communicating we have to be dressed appropriately, maintain our body language and maintain ____.","जेव्हा आपण संवाद साधत असतो तेव्हा आपल्याला योग्य पोशाख करावा लागतो, आपली देहबोली राखली पाहिजे आणि ____ राखली पाहिजे.",a very loud volume,खूप मोठा आवाज,make up,मेक अप,eye contact,डोळा संपर्क,silence,शांतता,C,eye contact,डोळा संपर्क
186,22,Communication Skills,संभाषण कौशल्ये (Communication Skills),Workplace communication: Introduction,कामाच्या ठिकाणी संवाद: परिचय,26,Exchange of ideas happen through ______.,विचारांची देवाणघेवाण ______ द्वारे होते.,Communication,संवाद,Listening,ऐकत आहे,Watching,पहात आहे,Singing,गाणे,A,Communication,संवाद
187,22,Communication Skills,संभाषण कौशल्ये (Communication Skills),Workplace communication: Introduction,कामाच्या ठिकाणी संवाद: परिचय,27,"At workplace, communication must follow the ______.","कामाच्या ठिकाणी, संवादाने ______ चे पालन केले पाहिजे.",Ideas,कल्पना,Text,मजकूर,6Cs,6Cs,Close,बंद करा,C,6Cs,6Cs
188,22,Communication Skills,संभाषण कौशल्ये (Communication Skills),Workplace communication: Introduction,कामाच्या ठिकाणी संवाद: परिचय,28,Organizations communicate mainly through _____.,संस्था प्रामुख्याने _____ द्वारे संवाद साधतात.,Letters,अक्षरे,E-mails,ई-मेल्स,Project,प्रकल्प,Unfamiliar words,अपरिचित शब्द,B,E-mails,ई-मेल्स
189,22,Communication Skills,संभाषण कौशल्ये (Communication Skills),Workplace communication: Introduction,कामाच्या ठिकाणी संवाद: परिचय,29,"In a meeting, Surya speaks in Hindi. Some of his team members understand both English & Hindi, while others only know English. What should Surya do?","एका बैठकीत सूर्या हिंदीत बोलतो. त्याच्या टीममधील काही सदस्यांना इंग्रजी आणि हिंदी दोन्ही समजते, तर काहींना फक्त इंग्रजी येते. सूर्याने काय करावे?",Speak in Hindi,हिंदीत बोला,Scold people,लोकांना शिव्या द्या,Stop talking,बोलणे बंद करा,Speak in English,इंग्रजीत बोला,D,Speak in English,इंग्रजीत बोला
190,22,Communication Skills,संभाषण कौशल्ये (Communication Skills),Workplace communication: Introduction,कामाच्या ठिकाणी संवाद: परिचय,30,Which communication method should be used to share confidential information and documents in the workplace?,कामाच्या ठिकाणी गोपनीय माहिती आणि कागदपत्रे सामायिक करण्यासाठी कोणती संप्रेषण पद्धत वापरली पाहिजे?,WhatsApp,WhatsApp,Email,ईमेल,Instagram,इंस्टाग्राम,Phone,फोन,B,Email,ईमेल
191,23,Communication Skills,संभाषण कौशल्ये (Communication Skills),Workplace communication: Introduction,कामाच्या ठिकाणी संवाद: परिचय,31,What can make it difficult to communicate in the workplace?,कामाच्या ठिकाणी संवाद साधणे कशामुळे कठीण होऊ शकते?,Language differences,भाषेतील फरक,Use of unfamiliar words,अपरिचित शब्दांचा वापर,Differences in communication styles,संप्रेषण शैलीतील फरक,All of these,वरील सर्व,D,All of these,वरील सर्व
192,23,Communication Skills,संभाषण कौशल्ये (Communication Skills),Workplace communication: Introduction,कामाच्या ठिकाणी संवाद: परिचय,32,The concept of ____ best describes importance of teamwork.,____ ही संकल्पना टीमवर्कचे महत्त्व उत्तम वर्णन करते.,Conflict,संघर्ष,Synergy,सिनर्जी,Team,संघ,Group,गट,B,Synergy,सिनर्जी
193,23,Communication Skills,संभाषण कौशल्ये (Communication Skills),Workplace communication: Introduction,कामाच्या ठिकाणी संवाद: परिचय,33,Sharing will help everyone feel involved and _____.,सामायिकरण प्रत्येकाला सहभागी होण्यास मदत करेल आणि _____.,Happy,आनंदी,Sad,उदास,Motivated,प्रवृत्त,Close,बंद करा,C,Motivated,प्रवृत्त
194,23,Communication Skills,संभाषण कौशल्ये (Communication Skills),Workplace communication: Introduction,कामाच्या ठिकाणी संवाद: परिचय,34,"Ram, Vinay and Sandeep are working as a team to finish the geography project. Vinay is sharing his thoughts. What are Vinay and Sandeep supposed to do?","भूगोल प्रकल्प पूर्ण करण्यासाठी राम, विनय आणि संदीप एक टीम म्हणून काम करत आहेत. विनय आपले विचार मांडत आहे. विनय आणि संदीपने काय करावे?",Listen actively,सक्रियपणे ऐका,Play,खेळा,Go around the school,शाळेभोवती फिरा,None of these,यापैकी काहीही नाही,A,Listen actively,सक्रियपणे ऐका
195,23,Communication Skills,संभाषण कौशल्ये (Communication Skills),Workplace communication: Introduction,कामाच्या ठिकाणी संवाद: परिचय,35,Tina and Lyra’s team are working together to finish the school painting project. What should both the teams do to finish the project?,टीना आणि लिराची टीम शाळेतील पेंटिंग प्रकल्प पूर्ण करण्यासाठी एकत्र काम करत आहेत. प्रकल्प पूर्ण करण्यासाठी दोन्ही संघांनी काय करावे?,Resist,प्रतिकार करा,Share resposibility,जबाबदारी सामायिक करा,Fight,लढा,Argue,वाद घालतात,B,Share resposibility,जबाबदारी सामायिक करा
196,23,Communication Skills,संभाषण कौशल्ये (Communication Skills),Managing Conflicts,संघर्षांचे व्यवस्थापन,36,Argument or disagreement between two groups of people is called _________.,लोकांच्या दोन गटांमधील वाद किंवा मतभेद याला _________ म्हणतात.,Teamwork,टीमवर्क,Conflict,संघर्ष,Happiness,आनंद,Fun,मजा,B,Conflict,संघर्ष
197,23,Communication Skills,संभाषण कौशल्ये (Communication Skills),Managing Conflicts,संघर्षांचे व्यवस्थापन,37,Conflict usually creates _______.,संघर्ष सहसा _______ निर्माण करतो.,Negative emotions,नकारात्मक भावना,Positive emotions,सकारात्मक भावना,Happy emotions,आनंदी भावना,Enjoyment,उपभोग,A,Negative emotions,नकारात्मक भावना
198,23,Communication Skills,संभाषण कौशल्ये (Communication Skills),Managing Conflicts,संघर्षांचे व्यवस्थापन,38,Conflict in workplace affects ____.,कामाच्या ठिकाणी संघर्ष ____ वर परिणाम करतो.,ability to work,काम करण्याची क्षमता,salary,पगार,environment,वातावरण,weather,हवामान,A,ability to work,काम करण्याची क्षमता
199,23,Communication Skills,संभाषण कौशल्ये (Communication Skills),Managing Conflicts,संघर्षांचे व्यवस्थापन,39,"James had to meet his team members Suraj, Reena and Nagma on Friday. James called Suraj and Reena. But he did not inform Nagma. This is an example of _________.","जेम्सला शुक्रवारी त्याच्या टीमचे सदस्य सूरज, रीना आणि नगमा यांना भेटायचे होते. जेम्सने सूरज आणि रीनाला फोन केला. मात्र त्याने नगमाला माहिती दिली नाही. हे _________ चे उदाहरण आहे.",Poor communication,खराब संवाद,Typing error,टायपिंग एरर,Stress,ताण,Poor listening,खराब ऐकणे,A,Poor communication,खराब संवाद
200,23,Communication Skills,संभाषण कौशल्ये (Communication Skills),Managing Conflicts,संघर्षांचे व्यवस्थापन,40,Shwetha and Rakshit are coworkers. They are angry with each other because they have not completed a project properly. Which is a good way to resolve such conflicts in the workplace?,श्वेता आणि रक्षित हे सहकारी आहेत. एकही प्रकल्प व्यवस्थित पूर्ण न केल्याने ते एकमेकांवर नाराज आहेत. कामाच्या ठिकाणी अशा संघर्षांचे निराकरण करण्याचा चांगला मार्ग कोणता आहे?,Quit the job,नोकरी सोडली,Find different ways to solve the problem,समस्या सोडवण्याचे वेगवेगळे मार्ग शोधा,Ignore each other,एकमेकांकडे दुर्लक्ष करा,File a police complaint,पोलिस तक्रार दाखल करा,B,Find different ways to solve the problem,समस्या सोडवण्याचे वेगवेगळे मार्ग शोधा
201,24,Communication Skills,संभाषण कौशल्ये (Communication Skills),Handling Criticism,टीका हाताळणे,41,Negative comments made about our action or performance is called _____.,आमच्या कृती किंवा कामगिरीबद्दल केलेल्या नकारात्मक टिप्पण्यांना _____ म्हणतात.,Appreciation,कौतुक,Congratulations,अभिनंदन,Criticism,टीका,Reward,बक्षीस,C,Criticism,टीका
202,24,Communication Skills,संभाषण कौशल्ये (Communication Skills),Handling Criticism,टीका हाताळणे,42,"If a person recieves harsh, unfair and very negative criticism, they feel very unhappy. What type of criticism is this?","जर एखाद्या व्यक्तीवर कठोर, अयोग्य आणि अतिशय नकारात्मक टीका झाली तर ते खूप दुःखी होतात. ही कोणत्या प्रकारची टीका आहे?",Helpful criticism,उपयुक्त टीका,Fair criticism,वाजवी टीका,Unfair criticism,अयोग्य टीका,Positive criticism,सकारात्मक टीका,C,Unfair criticism,अयोग्य टीका
203,24,Communication Skills,संभाषण कौशल्ये (Communication Skills),Handling Criticism,टीका हाताळणे,43,During criticism we must remain ______ and _____ to the person.,टीका करताना आपण व्यक्तीशी ______ आणि _____ राहिले पाहिजे.,happy and joyful,आनंदी आणि आनंदी,calm and listen,शांत व्हा आणि ऐका,shout and cry,ओरडणे आणि रडणे,fight and cry,लढा आणि रड,B,calm and listen,शांत व्हा आणि ऐका
204,24,Communication Skills,संभाषण कौशल्ये (Communication Skills),Handling Criticism,टीका हाताळणे,44,Priya received constructive (helpful) criticism from her manager about her latest project. What should she do?,प्रियाला तिच्या नवीनतम प्रकल्पाबद्दल तिच्या व्यवस्थापकाकडून रचनात्मक (उपयुक्त) टीका मिळाली. तिने काय करावे?,Listen,ऐका,Understand,समजून घ्या,Thank her manager,तिच्या व्यवस्थापकाचे आभार,All of these,वरील सर्व,D,All of these,वरील सर्व
205,24,Communication Skills,संभाषण कौशल्ये (Communication Skills),Handling Criticism,टीका हाताळणे,45,Kishore’s manager gave him positive and negative feedback. Kishore is feeling confused. What should he do next?,किशोरच्या व्यवस्थापकाने त्याला सकारात्मक आणि नकारात्मक प्रतिक्रिया दिल्या. किशोर संभ्रमात आहे. त्याने पुढे काय करावे?,Calm down and think,शांत व्हा आणि विचार करा,Try to understand the positive points given by his manager,त्याच्या व्यवस्थापकाने दिलेले सकारात्मक मुद्दे समजून घेण्याचा प्रयत्न करा,Try to understand the negative points given by the manager,व्यवस्थापकाने दिलेले नकारात्मक मुद्दे समजून घेण्याचा प्रयत्न करा,All of these,वरील सर्व,D,All of these,वरील सर्व
206,24,Communication Skills,संभाषण कौशल्ये (Communication Skills),Assessing Your Communication Ability,आपल्या संप्रेषण क्षमतेचे मूल्यांकन करणे,46,We start communicating when we are ____________.,जेव्हा आपण ____________ असतो तेव्हा आपण संवाद सुरू करतो.,Adults,प्रौढ,Parents,पालक,Children,मुले,Old,जुने,C,Children,मुले
207,24,Communication Skills,संभाषण कौशल्ये (Communication Skills),Assessing Your Communication Ability,आपल्या संप्रेषण क्षमतेचे मूल्यांकन करणे,47,Rita talks to her customers. But she is unable to understand what they say. What should she do?,रिटा तिच्या ग्राहकांशी बोलत आहे. पण त्यांचे म्हणणे तिला समजू शकले नाही. तिने काय करावे?,Improve her listening skills,तिचे ऐकण्याचे कौशल्य सुधारा,Stop talking to them,त्यांच्याशी बोलणे बंद करा,Fight with customers,ग्राहकांशी भांडणे,Stop her business,Stop her business,A,Improve her listening skills,तिचे ऐकण्याचे कौशल्य सुधारा
208,24,Communication Skills,संभाषण कौशल्ये (Communication Skills),Assessing Your Communication Ability,आपल्या संप्रेषण क्षमतेचे मूल्यांकन करणे,48,You are unable to share your message properly in an email. Which skill should you improve?,तुम्ही ईमेलमध्ये तुमचा मेसेज योग्यरित्या शेअर करू शकत नाही. आपण कोणते कौशल्य सुधारले पाहिजे?,Written communication,लेखी संवाद,Speaking,बोलणे,Reading,वाचन,Playing,खेळत आहे,A,Written communication,लेखी संवाद
209,24,Communication Skills,संभाषण कौशल्ये (Communication Skills),Assessing Your Communication Ability,आपल्या संप्रेषण क्षमतेचे मूल्यांकन करणे,49,You are scared to communicate with others. What are some ways to solve this problem?,आपण इतरांशी संवाद साधण्यास घाबरत आहात. या समस्येचे निराकरण करण्याचे काही मार्ग काय आहेत?,Find your strengths about communication,संवादाविषयी तुमची ताकद शोधा,Find your weakness about communication,संवादाबाबत तुमची कमकुवतता शोधा,Find ways to improve & learn more about your weakness,सुधारण्याचे मार्ग शोधा आणि तुमच्या कमकुवतपणाबद्दल अधिक जाणून घ्या,All of these,वरील सर्व,D,All of these,वरील सर्व
210,24,Communication Skills,संभाषण कौशल्ये (Communication Skills),Assessing Your Communication Ability,आपल्या संप्रेषण क्षमतेचे मूल्यांकन करणे,50,How should you respond to constructive feedback from someone?,एखाद्याच्या रचनात्मक अभिप्रायाला तुम्ही कसा प्रतिसाद द्यावा?,Listen and understand,ऐका आणि समजून घ्या,Argue with the person,व्यक्तीशी वाद घाला,Feel nervous,चिंताग्रस्त वाटते,Ignore the feedback,अभिप्रायाकडे दुर्लक्ष करा,A,Listen and understand,ऐका आणि समजून घ्या
211,25,Essential Digital Skills,आवश्यक डिजिटल कौशल्ये,Introduction to Digital Skills,डिजिटल कौशल्यांचा परिचय,1,If one can use a computer and the internet comfortably. It is called _____________.,जर एखाद्याला संगणक आणि इंटरनेट आरामात वापरता येत असेल तर. त्याला _____________ म्हणतात.,Sports Literacy,क्रीडा साक्षरता,Digital Literacy,डिजिटल साक्षरता,Cultural Literacy,सांस्कृतिक साक्षरता,Language Literacy,भाषा साक्षरता,B,Digital Literacy,डिजिटल साक्षरता
212,25,Essential Digital Skills,आवश्यक डिजिटल कौशल्ये,Introduction to Digital Skills,डिजिटल कौशल्यांचा परिचय,2,"In which of the following tasks, do we need digital literacy?",खालीलपैकी कोणत्या कामासाठी आपल्याला डिजिटल साक्षरतेची आवश्यकता आहे?,Finding information online,ऑनलाइन माहिती शोधत आहे,Creating a Resume,रेझ्युमे तयार करणे,Communicatio n through emails,ईमेलद्वारे संप्रेषण,All of these,वरील सर्व,D,All of these,वरील सर्व
213,25,Essential Digital Skills,आवश्यक डिजिटल कौशल्ये,Introduction to Digital Skills,डिजिटल कौशल्यांचा परिचय,3,Which of the following can be done without the help of internet?,खालीलपैकी कोणते काम इंटरनेटच्या मदतीशिवाय करता येते?,Painting a wall,भिंत रंगवणे,Searching for jobs online,ऑनलाइन नोकऱ्या शोधत आहे,Watching videos online,ऑनलाइन व्हिडिओ पाहणे,Creating a Digital Resume,डिजिटल रेझ्युमे तयार करणे,A,Painting a wall,भिंत रंगवणे
214,25,Essential Digital Skills,आवश्यक डिजिटल कौशल्ये,Introduction to Digital Skills,डिजिटल कौशल्यांचा परिचय,4,"Krishna is a teacher, he wants to conduct classes online. Which of these devices can he use?","कृष्णा हा शिक्षक आहे, त्याला ऑनलाइन वर्ग घ्यायचे आहेत. यापैकी कोणते उपकरण तो वापरू शकतो?",Computer,संगणक,Laptop,लॅपटॉप,Tablet,गोळी,All of these,वरील सर्व,D,All of these,वरील सर्व
215,25,Essential Digital Skills,आवश्यक डिजिटल कौशल्ये,Introduction to Digital Skills,डिजिटल कौशल्यांचा परिचय,5,Saleem needs to talk about digital skills that are required at work. Which of these works needs digital skills?,सलीमला कामाच्या ठिकाणी आवश्यक असलेल्या डिजिटल कौशल्यांबद्दल बोलण्याची गरज आहे. यापैकी कोणत्या कामासाठी डिजिटल कौशल्ये आवश्यक आहेत?,Communicatin g through emails and chat,ईमेल आणि चॅटद्वारे संवाद साधा,Creating and editing documents and worksheets,कागदपत्रे आणि कार्यपत्रके तयार करणे आणि संपादित करणे,Creating and editing worksheets,वर्कशीट तयार करणे आणि संपादित करणे,All of these,वरील सर्व,D,All of these,वरील सर्व
216,25,Essential Digital Skills,आवश्यक डिजिटल कौशल्ये,Basics of Computers,संगणकाची मूलभूत माहिती,6,Which of the following is not a part of a desktop Computer?,खालीलपैकी कोणता डेस्कटॉप संगणकाचा भाग नाही?,Monitor,मॉनिटर,Antenna,अँटेना,Web Camera,वेब कॅमेरा,Mouse,उंदीर,B,Antenna,अँटेना
217,25,Essential Digital Skills,आवश्यक डिजिटल कौशल्ये,Basics of Computers,संगणकाची मूलभूत माहिती,7,What does CPU stand for?,CPU म्हणजे काय?,Cost per unit,प्रति युनिट किंमत,Central power unit,सेंट्रल पॉवर युनिट,Central Processing Unit,सेंट्रल प्रोसेसिंग युनिट,Cutting power unit,कटिंग पॉवर युनिट,C,Central Processing Unit,सेंट्रल प्रोसेसिंग युनिट
218,25,Essential Digital Skills,आवश्यक डिजिटल कौशल्ये,Basics of Computers,संगणकाची मूलभूत माहिती,8,______________is called as the brain of the computer.,______________ याला संगणकाचा मेंदू म्हणतात.,Web Camera,वेब कॅमेरा,Trackpad,ट्रॅकपॅड,Monitor,मॉनिटर,Central Processing Unit,सेंट्रल प्रोसेसिंग युनिट,D,Central Processing Unit,सेंट्रल प्रोसेसिंग युनिट
219,25,Essential Digital Skills,आवश्यक डिजिटल कौशल्ये,Basics of Computers,संगणकाची मूलभूत माहिती,9,Safeena wants to talk to her friend on a video call. Which of the following is necessary for a video call on a desktop computer?,सफीनाला तिच्या मैत्रिणीशी व्हिडिओ कॉलवर बोलायचे आहे. डेस्कटॉप संगणकावर व्हिडिओ कॉलसाठी खालीलपैकी कोणते आवश्यक आहे?,Trackpad,ट्रॅकपॅड,Remote,रिमोट,Printer,प्रिंटर,Web Camera,वेब कॅमेरा,D,Web Camera,वेब कॅमेरा
220,25,Essential Digital Skills,आवश्यक डिजिटल कौशल्ये,Basics of Computers,संगणकाची मूलभूत माहिती,10,Rashmi recently bought a new laptop after her old computer stopped working. Which part of the laptop works like a mouse?,जुना कॉम्प्युटर काम करणे बंद केल्यानंतर रश्मीने नुकताच नवीन लॅपटॉप खरेदी केला. लॅपटॉपचा कोणता भाग माऊसप्रमाणे काम करतो?,Trackpad,ट्रॅकपॅड,Speakers,वक्ते,Keyboard,कीबोर्ड,Desktop,डेस्कटॉप,A,Trackpad,ट्रॅकपॅड
221,26,Essential Digital Skills,आवश्यक डिजिटल कौशल्ये,Exploring a Computer,संगणक एक्सप्लोर करत आहे,11,Where is the power button located on a desktop computer?,डेस्कटॉप संगणकावर पॉवर बटण कुठे आहे?,On the Keyboard,कीबोर्डवर,On the CPU,CPU वर,On the Speaker,स्पीकर वर,On the Mouse,माऊस वर,B,On the CPU,CPU वर
222,26,Essential Digital Skills,आवश्यक डिजिटल कौशल्ये,Exploring a Computer,संगणक एक्सप्लोर करत आहे,12,_____________ is the most commonly used word for switching off a computer.,____________ हा संगणक बंद करण्यासाठी सर्वात जास्त वापरला जाणारा शब्द आहे.,Hang Up,हँग अप,Switch On,चालू करा,Shut Down,बंद करा,Power On,पॉवर चालू,C,Shut Down,बंद करा
223,26,Essential Digital Skills,आवश्यक डिजिटल कौशल्ये,Exploring a Computer,संगणक एक्सप्लोर करत आहे,13,Which of the following devices can be connected using bluetooth?,खालीलपैकी कोणते उपकरण ब्लूटूथ वापरून कनेक्ट केले जाऊ शकते?,Mouse,उंदीर,Earphones,इअरफोन्स,Speakers,वक्ते,All of these,वरील सर्व,D,All of these,वरील सर्व
224,26,Essential Digital Skills,आवश्यक डिजिटल कौशल्ये,Exploring a Computer,संगणक एक्सप्लोर करत आहे,14,Sonu wants to connect a device wirelessly to a computer. What technology can he use?,सोनूला एखादे उपकरण संगणकाशी वायरलेस पद्धतीने जोडायचे आहे. तो कोणते तंत्रज्ञान वापरू शकतो?,Bluetooth,ब्लूटूथ,Wire,तार,Switch,स्विच करा,USB,यूएसबी,A,Bluetooth,ब्लूटूथ
225,26,Essential Digital Skills,आवश्यक डिजिटल कौशल्ये,Exploring a Computer,संगणक एक्सप्लोर करत आहे,15,Rajesh does not know how to connect to earphones using Bluetooth. What should he do?,राजेशला ब्लूटूथ वापरून इअरफोन कसे जोडायचे हे माहित नाही. त्याने काय करावे?,Use Google search,गुगल सर्च वापरा,Throw away the earphones,इअरफोन्स फेकून द्या,Purchase new earphones,नवीन इयरफोन खरेदी करा,Sell the earphones,इअरफोन विकून टाका,A,Use Google search,गुगल सर्च वापरा
226,26,Essential Digital Skills,आवश्यक डिजिटल कौशल्ये,Exploring Windows Operating System,विंडोज ऑपरेटिंग सिस्टम एक्सप्लोर करत आहे,16,______________ is the software that is put in a computer so that one can use it.,______________ हे एक सॉफ्टवेअर आहे जे संगणकात टाकले जाते जेणेकरून ते वापरता येईल.,Operating System,ऑपरेटिंग सिस्टम,Software,सॉफ्टवेअर,App Store,ॲप स्टोअर,Settings,सेटिंग्ज,A,Operating System,ऑपरेटिंग सिस्टम
227,26,Essential Digital Skills,आवश्यक डिजिटल कौशल्ये,Exploring Windows Operating System,विंडोज ऑपरेटिंग सिस्टम एक्सप्लोर करत आहे,17,Which of the following is the most common operating system?,खालीलपैकी सर्वात सामान्य ऑपरेटिंग सिस्टम कोणती आहे?,Printer,प्रिंटर,MS Office,एमएस ऑफिस,Router,राउटर,Windows,खिडक्या,D,Windows,खिडक्या
228,26,Essential Digital Skills,आवश्यक डिजिटल कौशल्ये,Exploring Windows Operating System,विंडोज ऑपरेटिंग सिस्टम एक्सप्लोर करत आहे,18,Full form for OS is________.,OS साठी पूर्ण फॉर्म ________ आहे.,Operating System,ऑपरेटिंग सिस्टम,Opening Screen,उघडत आहे स्क्रीन,Opening Software,सॉफ्टवेअर उघडत आहे,Original System,मूळ प्रणाली,A,Operating System,ऑपरेटिंग सिस्टम
229,26,Essential Digital Skills,आवश्यक डिजिटल कौशल्ये,Exploring Windows Operating System,विंडोज ऑपरेटिंग सिस्टम एक्सप्लोर करत आहे,19,Riya does not know which version of windows is installed on her laptop. How can she identify the version?,रियाला माहित नाही की तिच्या लॅपटॉपवर विंडोजची कोणती आवृत्ती स्थापित आहे. ती आवृत्ती कशी ओळखू शकेल?,By uninstalling the windows,खिडक्या विस्थापित करून,By looking at the opening screen,ओपनिंग स्क्रीन बघून,By shutting down the computer,संगणक बंद करून,By reinstalling the windows,खिडक्या पुन्हा स्थापित करून,B,By looking at the opening screen,ओपनिंग स्क्रीन बघून
230,26,Essential Digital Skills,आवश्यक डिजिटल कौशल्ये,Exploring Windows Operating System,विंडोज ऑपरेटिंग सिस्टम एक्सप्लोर करत आहे,20,Nayan wants to search for a file quickly on his computer. What should he do?,नयनला त्याच्या कॉम्प्युटरवर पटकन फाईल शोधायची आहे. त्याने काय करावे?,Click on ‘Type here to search’,'शोधण्यासाठी येथे टाइप करा' वर क्लिक करा,Search on Play Store,Play Store वर शोधा,Restart the computer,संगणक रीस्टार्ट करा,Use Bluetooth,ब्लूटूथ वापरा,A,Click on ‘Type here to search’,'शोधण्यासाठी येथे टाइप करा' वर क्लिक करा
231,27,Essential Digital Skills,आवश्यक डिजिटल कौशल्ये,Creating and Saving Files,फाइल्स तयार करणे आणि जतन करणे,21,"On a computer, a file can be created using which of these applications?","संगणकावर, यापैकी कोणते ऍप्लिकेशन वापरून फाइल तयार केली जाऊ शकते?",MS Word,एमएस वर्ड,MS Excel,एमएस एक्सेल,MS Powerpoint,एमएस पॉवरपॉइंट,All of these,वरील सर्व,D,All of these,वरील सर्व
232,27,Essential Digital Skills,आवश्यक डिजिटल कौशल्ये,Creating and Saving Files,फाइल्स तयार करणे आणि जतन करणे,22,What is the shortcut key to save a file?,फाइल सेव्ह करण्यासाठी शॉर्टकट की काय आहे?,Ctrl+S,Ctrl+S,Ctrl+X,Ctrl+X,Ctrl+V,Ctrl+V,Ctrl+P,Ctrl+P,A,Ctrl+S,Ctrl+S
233,27,Essential Digital Skills,आवश्यक डिजिटल कौशल्ये,Creating and Saving Files,फाइल्स तयार करणे आणि जतन करणे,23,What is the shortcut key to copy a file?,फाइल कॉपी करण्यासाठी शॉर्टकट की काय आहे?,Ctrl+C,Ctrl+C,Ctrl+X,Ctrl+X,Ctrl+S,Ctrl+S,Ctrl+P,Ctrl+P,A,Ctrl+C,Ctrl+C
234,27,Essential Digital Skills,आवश्यक डिजिटल कौशल्ये,Creating and Saving Files,फाइल्स तयार करणे आणि जतन करणे,24,Nimal wants to transfer files from one location to another on her laptop. Which of the following actions can she take to do so?,निमलला तिच्या लॅपटॉपवर एका ठिकाणाहून दुसऱ्या ठिकाणी फाइल्स ट्रान्सफर करायच्या आहेत. असे करण्यासाठी ती खालीलपैकी कोणती कृती करू शकते?,Click on power off button,पॉवर ऑफ बटणावर क्लिक करा,"Select the file, press Ctrl X to cut and Ctrl V to paste it","फाइल निवडा, कट करण्यासाठी Ctrl X आणि पेस्ट करण्यासाठी Ctrl V दाबा",Click on escape button,Escape बटणावर क्लिक करा,Click on backspace button,बॅकस्पेस बटणावर क्लिक करा,B,"Select the file, press Ctrl X to cut and Ctrl V to paste it","फाइल निवडा, कट करण्यासाठी Ctrl X आणि पेस्ट करण्यासाठी Ctrl V दाबा"
235,27,Essential Digital Skills,आवश्यक डिजिटल कौशल्ये,Creating and Saving Files,फाइल्स तयार करणे आणि जतन करणे,25,Krupa wants to safeguard the information on her system. Which of the following is the correct way to store information safely on a computer?,कृपाला तिच्या सिस्टमवरील माहितीचे रक्षण करायचे आहे. संगणकावर माहिती सुरक्षितपणे साठवण्याचा खालीलपैकी कोणता मार्ग योग्य आहे?,Set a strong password for your computer.,तुमच्या संगणकासाठी मजबूत पासवर्ड सेट करा.,Always close/ lock your computer when you are not using it,तुम्ही तुमचा संगणक वापरत नसताना नेहमी बंद/लॉक करा,Save the files with a clear name.,स्पष्ट नावाने फाइल्स सेव्ह करा.,All of these,वरील सर्व,D,All of these,वरील सर्व
236,27,Essential Digital Skills,आवश्यक डिजिटल कौशल्ये,Basics of MS Word,एमएस वर्डची मूलभूत माहिती,26,Which of these is the short cut for making the text bold?,मजकूर ठळक करण्यासाठी यापैकी कोणता शॉर्ट कट आहे?,Ctrl+S,Ctrl+S,Ctrl+B,Ctrl+B,Ctrl+U,Ctrl+U,Ctrl+I,Ctrl+I,B,Ctrl+B,Ctrl+B
237,27,Essential Digital Skills,आवश्यक डिजिटल कौशल्ये,Basics of MS Word,एमएस वर्डची मूलभूत माहिती,27,______is at the top of the MS Word screen.,______ एमएस वर्ड स्क्रीनच्या शीर्षस्थानी आहे.,Menu Bar,मेनू बार,Taskbar,टास्कबार,Space Bar,स्पेस बार,Scroll bar,स्क्रोल बार,A,Menu Bar,मेनू बार
238,27,Essential Digital Skills,आवश्यक डिजिटल कौशल्ये,Basics of MS Word,एमएस वर्डची मूलभूत माहिती,28,The ___________ tab helps to change the type of page. (portrait or landscape),___________ टॅब पृष्ठाचा प्रकार बदलण्यास मदत करतो. (पोर्ट्रेट किंवा लँडस्केप),Layout,मांडणी,Insert,घाला,Design,रचना,Review,पुनरावलोकन करा,A,Layout,मांडणी
239,27,Essential Digital Skills,आवश्यक डिजिटल कौशल्ये,Basics of MS Word,एमएस वर्डची मूलभूत माहिती,29,Joseph wants to make the letters in the words slant to one side. Which option should he use?,जोसेफला शब्दांमधील अक्षरे एका बाजूला तिरकी करायची आहेत. त्याने कोणता पर्याय वापरावा?,Bold,ठळक,Italic,तिर्यक,Underline,अधोरेखित करा,Numbered List,क्रमांकित यादी,B,Italic,तिर्यक
240,27,Essential Digital Skills,आवश्यक डिजिटल कौशल्ये,Basics of MS Word,एमएस वर्डची मूलभूत माहिती,30,Amira wants to underline the title of her document. Which shortcut key should she use?,अमीराला तिच्या दस्तऐवजाचे शीर्षक अधोरेखित करायचे आहे. तिने कोणती शॉर्टकट की वापरावी?,Ctrl+S,Ctrl+S,Ctrl+B,Ctrl+B,Ctrl+U,Ctrl+U,Ctrl+I,Ctrl+I,C,Ctrl+U,Ctrl+U
241,28,Essential Digital Skills,आवश्यक डिजिटल कौशल्ये,Creating Documents on MS Word,एमएस वर्ड वर कागदपत्रे तयार करणे,31,"In MS Word, you can change the text in the document to look different. This process is called ___________.","MS Word मध्ये, तुम्ही डॉक्युमेंटमधील मजकूर वेगळा दिसण्यासाठी बदलू शकता. या प्रक्रियेला ___________ म्हणतात.",Printing,छपाई,Saving,बचत करत आहे,Deleting,हटवत आहे,Formatting,स्वरूपन,D,Formatting,स्वरूपन
242,28,Essential Digital Skills,आवश्यक डिजिटल कौशल्ये,Creating Documents on MS Word,एमएस वर्ड वर कागदपत्रे तयार करणे,32,What is the shortcut key for Undo?,Undo साठी शॉर्टकट की काय आहे?,Ctrl+Z,Ctrl+Z,Ctrl+B,Ctrl+B,Ctrl+U,Ctrl+U,Ctrl+I,Ctrl+I,A,Ctrl+Z,Ctrl+Z
243,28,Essential Digital Skills,आवश्यक डिजिटल कौशल्ये,Creating Documents on MS Word,एमएस वर्ड वर कागदपत्रे तयार करणे,33,What is the shortcut key for Print?,प्रिंटसाठी शॉर्टकट की काय आहे?,Ctrl+Z,Ctrl+Z,Ctrl+B,Ctrl+B,Ctrl+U,Ctrl+U,Ctrl+P,Ctrl+P,D,Ctrl+P,Ctrl+P
244,28,Essential Digital Skills,आवश्यक डिजिटल कौशल्ये,Creating Documents on MS Word,एमएस वर्ड वर कागदपत्रे तयार करणे,34,Krish made a typing mistake and wants to go back to the previous sentence. Which option should he use?,क्रिशने टायपिंगची चूक केली आणि त्याला मागील वाक्याकडे परत जायचे आहे. त्याने कोणता पर्याय वापरावा?,Save,जतन करा,Print,छापा,Undo,पूर्ववत करा,Cut,कट,C,Undo,पूर्ववत करा
245,28,Essential Digital Skills,आवश्यक डिजिटल कौशल्ये,Creating Documents on MS Word,एमएस वर्ड वर कागदपत्रे तयार करणे,35,Paul is saving his Word document for a project. Which layout format should he use for official documents?,पॉल एका प्रकल्पासाठी त्याचे वर्ड डॉक्युमेंट जतन करत आहे. अधिकृत कागदपत्रांसाठी त्याने कोणते लेआउट स्वरूप वापरावे?,Portrait,पोर्ट्रेट,Landscape,लँडस्केप,Cut,कट,Undo,पूर्ववत करा,A,Portrait,पोर्ट्रेट
246,28,Essential Digital Skills,आवश्यक डिजिटल कौशल्ये,Basics of MS Excel,एमएस एक्सेलची मूलभूत माहिती,36,____________ is a tool to organize a large amount of data in an easy and understandable way.,____________ हे सोप्या आणि समजण्यायोग्य पद्धतीने मोठ्या प्रमाणात डेटा व्यवस्थित करण्यासाठी एक साधन आहे.,Excel,एक्सेल,Chrome,क्रोम,Paint,रंगवा,Print,छापा,A,Excel,एक्सेल
247,28,Essential Digital Skills,आवश्यक डिजिटल कौशल्ये,Basics of MS Excel,एमएस एक्सेलची मूलभूत माहिती,37,Which of the following can be done using Excel?,Excel वापरून खालीलपैकी कोणते काम करता येते?,Save the document,दस्तऐवज जतन करा,Make complicated calculations with numbers,संख्यांसह क्लिष्ट गणना करा,Print the document,दस्तऐवज मुद्रित करा,All of these,वरील सर्व,D,All of these,वरील सर्व
248,28,Essential Digital Skills,आवश्यक डिजिटल कौशल्ये,Basics of MS Excel,एमएस एक्सेलची मूलभूत माहिती,38,Each new page in the excel worksheet is called a _____________.,एक्सेल वर्कशीटमधील प्रत्येक नवीन पृष्ठाला _____________ म्हणतात.,Sheet,पत्रक,Row,पंक्ती,Column,स्तंभ,Cell,सेल,A,Sheet,पत्रक
249,28,Essential Digital Skills,आवश्यक डिजिटल कौशल्ये,Basics of MS Excel,एमएस एक्सेलची मूलभूत माहिती,39,Harsha has selected a single line of cells from top to bottom. She has selected a __________.,हर्षने वरपासून खालपर्यंत सेलची एकच ओळ निवडली आहे. तिने __________ निवडले आहे.,Page,पान,Row,पंक्ती,Column,स्तंभ,Cell,सेल,C,Column,स्तंभ
250,28,Essential Digital Skills,आवश्यक डिजिटल कौशल्ये,Basics of MS Excel,एमएस एक्सेलची मूलभूत माहिती,40,Mohit wants to move from one cell to another. He can do that by using the ______ on the keyboard.,मोहितला एका सेलमधून दुसऱ्या सेलमध्ये जायचे आहे. कीबोर्डवरील ______ वापरून तो ते करू शकतो.,Ctrl+Z,Ctrl+Z,Arrow keys,बाण कळा,Ctrl+B,Ctrl+B,"A1,B1.C1 ...","A1,B1.C1...",B,Arrow keys,बाण कळा
251,29,Essential Digital Skills,आवश्यक डिजिटल कौशल्ये,Simple Functions on MS Excel,एमएस एक्सेल वर साधी कार्ये,41,What happens when we use this function? =SUM(B4:G4),जेव्हा आपण हे फंक्शन वापरतो तेव्हा काय होते? =SUM(B4:G4),The numbers in cells from B4 to G4 are added,B4 ते G4 सेलमधील संख्या जोडल्या जातात,The number in B4 is deleted,B4 मधील क्रमांक हटवला आहे,The number from B4 will be copied,B4 वरून क्रमांक कॉपी केला जाईल,The number from G4 will be copied,The number from G4 will be copied,A,The numbers in cells from B4 to G4 are added,B4 ते G4 सेलमधील संख्या जोडल्या जातात
252,29,Essential Digital Skills,आवश्यक डिजिटल कौशल्ये,Simple Functions on MS Excel,एमएस एक्सेल वर साधी कार्ये,42,What happens when we use this function? =AVERAGE(B4:G4),जेव्हा आपण हे फंक्शन वापरतो तेव्हा काय होते? =सरासरी(B4:G4),The average of numbers in cells from B4 to G4 is calculated,B4 ते G4 सेलमधील संख्यांची सरासरी काढली जाते,The number in B4 is deleted,B4 मधील क्रमांक हटवला आहे,The number from B4 will be copied,B4 वरून क्रमांक कॉपी केला जाईल,The number from G4 will be copied,The number from G4 will be copied,A,The average of numbers in cells from B4 to G4 is calculated,B4 ते G4 सेलमधील संख्यांची सरासरी काढली जाते
253,29,Essential Digital Skills,आवश्यक डिजिटल कौशल्ये,Simple Functions on MS Excel,एमएस एक्सेल वर साधी कार्ये,43,Which of the following is the symbol of AutoSum?,खालीलपैकी ऑटोसम चे चिन्ह कोणते?,∑,∑,Z,झेड,X,एक्स,Y,वाय,A,∑,∑
254,29,Essential Digital Skills,आवश्यक डिजिटल कौशल्ये,Simple Functions on MS Excel,एमएस एक्सेल वर साधी कार्ये,44,Vanaja wants to save her excel workbook. How can she do it?,वनजाला ​​तिचे एक्सेल वर्कबुक जतन करायचे आहे. ती कशी करू शकते?,By closing the sheet,पत्रक बंद करून,By pressing Ctrl and S on the keyboard,कीबोर्डवर Ctrl आणि S दाबून,By deleting it,ते हटवून,By writing it,ते लिहून,B,By pressing Ctrl and S on the keyboard,कीबोर्डवर Ctrl आणि S दाबून
255,29,Essential Digital Skills,आवश्यक डिजिटल कौशल्ये,Simple Functions on MS Excel,एमएस एक्सेल वर साधी कार्ये,45,Trisha entered a number in E column and row 5. What is the name of that cell?,त्रिशाने E स्तंभ आणि पंक्ती 5 मध्ये एक संख्या प्रविष्ट केली. त्या सेलचे नाव काय आहे?,E1,E1,E,इ,E5,E5,5,5,C,E5,E5
256,29,Essential Digital Skills,आवश्यक डिजिटल कौशल्ये,Introduction to the Internet,इंटरनेटचा परिचय,46,Which of the following are the ways to connect your device to the internet?,तुमचे डिव्हाइस इंटरनेटशी कनेक्ट करण्याचे खालीलपैकी कोणते मार्ग आहेत?,Use a mouse,माऊस वापरा,Using a wifi or mobile data connection,वायफाय किंवा मोबाईल डेटा कनेक्शन वापरणे,Use a printer,प्रिंटर वापरा,Use bluetooth,ब्लूटूथ वापरा,B,Using a wifi or mobile data connection,वायफाय किंवा मोबाईल डेटा कनेक्शन वापरणे
257,29,Essential Digital Skills,आवश्यक डिजिटल कौशल्ये,Introduction to the Internet,इंटरनेटचा परिचय,47,Which of the following tasks can be done using the internet?,खालीलपैकी कोणती कामे इंटरनेट वापरून करता येतात?,Finding Information about job openings,नोकरीच्या संधींबद्दल माहिती शोधणे,Create a digital resume and forward it to different companies,डिजिटल रेझ्युमे तयार करा आणि वेगवेगळ्या कंपन्यांना पाठवा,Learning new skills,नवीन कौशल्ये शिकणे,All of these,वरील सर्व,D,All of these,वरील सर्व
258,29,Essential Digital Skills,आवश्यक डिजिटल कौशल्ये,Introduction to the Internet,इंटरनेटचा परिचय,48,Which of the following are the top benefits of using the internet?,खालीलपैकी कोणते इंटरनेट वापरण्याचे सर्वोच्च फायदे आहेत?,Speed of communication,संवादाचा वेग,Safety,सुरक्षितता,Access to information,माहितीमध्ये प्रवेश,All of these,वरील सर्व,D,All of these,वरील सर्व
259,29,Essential Digital Skills,आवश्यक डिजिटल कौशल्ये,Introduction to the Internet,इंटरनेटचा परिचय,49,Jerry wants to use his mobile data to get the internet on other devices. Which devices can use mobile data?,जेरीला त्याचा मोबाईल डेटा इतर उपकरणांवर इंटरनेट मिळवण्यासाठी वापरायचा आहे. कोणती उपकरणे मोबाइल डेटा वापरू शकतात?,Tablet,गोळी,Washing machine,वॉशिंग मशीन,Gas oven,गॅस ओव्हन,Landline phone,लँडलाइन फोन,A,Tablet,गोळी
260,29,Essential Digital Skills,आवश्यक डिजिटल कौशल्ये,Introduction to the Internet,इंटरनेटचा परिचय,50,Ram wants to use the Wi-Fi connection. What should he do?,रामला वाय-फाय कनेक्शन वापरायचे आहे. त्याने काय करावे?,Connect to a Wi-Fi network he is familiar with,त्याला परिचित असलेल्या Wi-Fi नेटवर्कशी कनेक्ट करा,Connect to any WiFi network available,उपलब्ध असलेल्या कोणत्याही वायफाय नेटवर्कशी कनेक्ट करा,Do not connect to any Wifi network that needs a password. It may not be safe.,पासवर्ड आवश्यक असलेल्या कोणत्याही Wifi नेटवर्कशी कनेक्ट करू नका. ते सुरक्षित असू शकत नाही.,Connect to any WiFi network shared by a stranger.,अनोळखी व्यक्तीने शेअर केलेल्या कोणत्याही वायफाय नेटवर्कशी कनेक्ट करा.,A,Connect to a Wi-Fi network he is familiar with,त्याला परिचित असलेल्या Wi-Fi नेटवर्कशी कनेक्ट करा
261,30,Essential Digital Skills,आवश्यक डिजिटल कौशल्ये,Using Search Engines,शोध इंजिने वापरणे,51,______ is called the library of internet.,______ ला इंटरनेटची लायब्ररी म्हणतात.,Software,सॉफ्टवेअर,Search Engine,शोध इंजिन,Hardware,हार्डवेअर,Mouse,उंदीर,B,Search Engine,शोध इंजिन
262,30,Essential Digital Skills,आवश्यक डिजिटल कौशल्ये,Using Search Engines,शोध इंजिने वापरणे,52,We need an ______ and a search engine to access the information on the web.,वेबवरील माहितीमध्ये प्रवेश करण्यासाठी आम्हाला ______ आणि शोध इंजिन आवश्यक आहे.,Internet connection,इंटरनेट कनेक्शन,Mouse,उंदीर,Data cable,डेटा केबल,Key board,की बोर्ड,A,Internet connection,इंटरनेट कनेक्शन
263,30,Essential Digital Skills,आवश्यक डिजिटल कौशल्ये,Using Search Engines,शोध इंजिने वापरणे,53,It is very important to use the correct words to tell the search engine what to look for. These are called ______________________.,शोध इंजिनला काय शोधायचे आहे हे सांगण्यासाठी योग्य शब्द वापरणे खूप महत्वाचे आहे. त्यांना _____________________ म्हणतात.,Keywords,कीवर्ड,Web page,वेब पृष्ठ,Website,वेबसाइट,Internet,इंटरनेट,A,Keywords,कीवर्ड
264,30,Essential Digital Skills,आवश्यक डिजिटल कौशल्ये,Using Search Engines,शोध इंजिने वापरणे,54,"Maya wants to find the capital of Germany, Which of the following search engines can she use to find the information?","मायाला जर्मनीची राजधानी शोधायची आहे, ती माहिती शोधण्यासाठी खालीलपैकी कोणते सर्च इंजिन वापरू शकते?",Google,Google,Bing,बिंग,Yahoo,याहू,All of these,वरील सर्व,D,All of these,वरील सर्व
265,30,Essential Digital Skills,आवश्यक डिजिटल कौशल्ये,Using Search Engines,शोध इंजिने वापरणे,55,Jyothi learned that all the information is stored in ‘web pages'. What is the role of web pages?,ज्योतीला कळले की सर्व माहिती ‘वेब पेजेस’मध्ये साठवलेली आहे. वेब पृष्ठांची भूमिका काय आहे?,‘Web pages’ act as a search engine,‘वेब पेज’ हे सर्च इंजिन म्हणून काम करतात,‘Web pages’ act as a library,‘वेब पेजेस’ लायब्ररी म्हणून काम करतात,‘Web pages’ act as internet,‘वेब पेज’ इंटरनेट म्हणून काम करतात,None of these,यापैकी काहीही नाही,B,‘Web pages’ act as a library,‘वेब पेजेस’ लायब्ररी म्हणून काम करतात
266,30,Essential Digital Skills,आवश्यक डिजिटल कौशल्ये,Searching for the right information online,ऑनलाइन योग्य माहिती शोधत आहे,56,Which of the following is a universal ID card?,खालीलपैकी कोणते युनिव्हर्सल आयडी कार्ड आहे?,Bank Credit card,बँक क्रेडिट कार्ड,PAN Card,पॅन कार्ड,Aadhaar Card,आधार कार्ड,Employers ID card,नियोक्ता ओळखपत्र,C,Aadhaar Card,आधार कार्ड
267,30,Essential Digital Skills,आवश्यक डिजिटल कौशल्ये,Searching for the right information online,ऑनलाइन योग्य माहिती शोधत आहे,57,Which website to use to book the train tickets,रेल्वे तिकीट बुक करण्यासाठी कोणती वेबसाइट वापरायची,http://www . india.gov.in/,http://www. india.gov.in/,https:// myaadhaar.uidai. gov.in,https:// myaadhaar.uidai. gov.in,http:// www .irctc. co.in,http:// www .irctc. co.in,http: //www . igod.gov.in,http://www. igod.gov.in,C,http:// www .irctc. co.in,http:// www .irctc. co.in
268,30,Essential Digital Skills,आवश्यक डिजिटल कौशल्ये,Searching for the right information online,ऑनलाइन योग्य माहिती शोधत आहे,58,"_______ website can be used to find information on schemes and initiatives across all sectors, from tourism to employment to agriculture.",पर्यटनापासून रोजगारापर्यंत शेतीपर्यंतच्वरील सर्व क्षेत्रातील योजना आणि उपक्रमांची माहिती शोधण्यासाठी _______ वेबसाइटचा वापर केला जाऊ शकतो.,http://www . india.gov.in,http://www. india.gov.in,http://www . swayam.gov.in /,http://www. swayam.gov.in /,http: //www . igod.gov.in,http://www. igod.gov.in,http://www . education.gov. in/,http://www. education.gov. मध्ये/,C,http: //www . igod.gov.in,http://www. igod.gov.in
269,30,Essential Digital Skills,आवश्यक डिजिटल कौशल्ये,Searching for the right information online,ऑनलाइन योग्य माहिती शोधत आहे,59,"Anju wants to upskill herself in designing and stiching, which of the following portals will be relevant for the same?","अंजूला डिझाईनिंग आणि स्टिचिंगमध्ये स्वतःला कौशल्य वाढवायचे आहे, त्यासाठी खालीलपैकी कोणते पोर्टल उपयुक्त असेल?",http://www . swayam.gov.in /,http://www. swayam.gov.in /,http: //www . igod.gov.in,http://www. igod.gov.in,http://www . india.gov.in/,http://www. india.gov.in/,None of these,यापैकी काहीही नाही,A,http://www . swayam.gov.in /,http://www. swayam.gov.in /
270,30,Essential Digital Skills,आवश्यक डिजिटल कौशल्ये,Searching for the right information online,ऑनलाइन योग्य माहिती शोधत आहे,60,Priya wants to apply for her Aadhaar Card as its an important document to be submitted while joining a new job. Which of the following government portals will be helpful for her?,प्रियाला तिच्या आधार कार्डसाठी अर्ज करायचा आहे कारण नवीन नोकरी जॉईन करताना सबमिट करावयाचा एक महत्त्वाचा कागदपत्र आहे. खालीलपैकी कोणते सरकारी पोर्टल तिच्यासाठी उपयुक्त ठरेल?,http://www . india.gov.in/,http://www. india.gov.in/,https:// myaadhaar.uidai. gov.in,https:// myaadhaar.uidai. gov.in,http://www . swayam.gov.in/,http://www. swayam.gov.in/,All of these,वरील सर्व,B,https:// myaadhaar.uidai. gov.in,https:// myaadhaar.uidai. gov.in
271,31,Essential Digital Skills,आवश्यक डिजिटल कौशल्ये,Social Media,सोशल मीडिया,61,Which of the following is not a social media app?,खालीलपैकी कोणते सोशल मीडिया ॲप नाही?,Instagram,इंस्टाग्राम,WhatsApp,WhatsApp,LinkedIn,लिंक्डइन,Amazon,ऍमेझॉन,D,Amazon,ऍमेझॉन
272,31,Essential Digital Skills,आवश्यक डिजिटल कौशल्ये,Social Media,सोशल मीडिया,62,"Which of the following app is not used for chatting, video calls and group calls","खालीलपैकी कोणते ॲप चॅटिंग, व्हिडिओ कॉल आणि ग्रुप कॉलसाठी वापरले जात नाही",Instagram,इंस्टाग्राम,WhatsApp,WhatsApp,Telegram,टेलीग्राम,None of these,यापैकी काहीही नाही,D,None of these,यापैकी काहीही नाही
273,31,Essential Digital Skills,आवश्यक डिजिटल कौशल्ये,Social Media,सोशल मीडिया,63,"______ is a profile that can show your education qualifications, your skills and your experience.","______ ही एक प्रोफाइल आहे जी तुमची शैक्षणिक पात्रता, तुमची कौशल्ये आणि तुमचा अनुभव दर्शवू शकते.",Google mail,Google मेल,LinkedIn,लिंक्डइन,WhatsApp,WhatsApp,Telegram,टेलीग्राम,B,LinkedIn,लिंक्डइन
274,31,Essential Digital Skills,आवश्यक डिजिटल कौशल्ये,Social Media,सोशल मीडिया,64,Naina wants to take a few safety Measures on Social media. What does that refers to?,नैनाला सोशल मीडियावर काही सुरक्षिततेचे उपाय करायचे आहेत. याचा काय संदर्भ आहे?,Do not share information with unknown people,अनोळखी लोकांसोबत माहिती शेअर करू नका,Do not share personal information,वैयक्तिक माहिती शेअर करू नका,Do not send a rude or mean comment,असभ्य किंवा असभ्य टिप्पणी पाठवू नका,All of these,वरील सर्व,D,All of these,वरील सर्व
275,31,Essential Digital Skills,आवश्यक डिजिटल कौशल्ये,Social Media,सोशल मीडिया,65,Ridhima wants to post something on her social media. What should she do to stay safe on social media?,रिधिमाला तिच्या सोशल मीडियावर काहीतरी पोस्ट करायचे आहे. सोशल मीडियावर सुरक्षित राहण्यासाठी तिने काय करावे?,Avoid sharing any password,कोणताही पासवर्ड शेअर करणे टाळा,Avoid sharing address,पत्ता शेअर करणे टाळा,Avoid sharing locations,स्थाने शेअर करणे टाळा,All of these,वरील सर्व,D,All of these,वरील सर्व
276,31,Essential Digital Skills,आवश्यक डिजिटल कौशल्ये,Social Media for Professional Development,व्यावसायिक विकासासाठी सोशल मीडिया,66,Before sharing the information on social media THINK questions to be asked by oneself;,सोशल मीडियावर माहिती शेअर करण्यापूर्वी स्वतःला विचारायचे प्रश्न विचारा;,Is it True?,ते खरे आहे का?,Is it Necessary?,ते आवश्यक आहे का?,Is it Helpful?,हे उपयुक्त आहे का?,All of these,वरील सर्व,D,All of these,वरील सर्व
277,31,Essential Digital Skills,आवश्यक डिजिटल कौशल्ये,Social Media for Professional Development,व्यावसायिक विकासासाठी सोशल मीडिया,67,Which of the following is not an example of using social media and internet in an impactful and successful way?,सोशल मीडिया आणि इंटरनेटचा प्रभावी आणि यशस्वी वापर करण्याचे खालीलपैकी कोणते उदाहरण नाही?,Sharing Jokes on a particular religion,विशिष्ट धर्मावर विनोद शेअर करणे,Encouraging people to donate money for the social cause,लोकांना सामाजिक कारणासाठी पैसे देण्यास प्रोत्साहित करणे,Mentoring and supporting people,लोकांना मार्गदर्शन आणि समर्थन,Sharing verified news,सत्यापित बातम्या शेअर करत आहे,A,Sharing Jokes on a particular religion,विशिष्ट धर्मावर विनोद शेअर करणे
278,31,Essential Digital Skills,आवश्यक डिजिटल कौशल्ये,Social Media for Professional Development,व्यावसायिक विकासासाठी सोशल मीडिया,68,_________ is an organisation that uses digital technology to help people in rural India.,_________ ही एक संस्था आहे जी ग्रामीण भारतातील लोकांना मदत करण्यासाठी डिजिटल तंत्रज्ञानाचा वापर करते.,Digital Empowermen t (DE),डिजिटल सशक्तीकरण t (DE),Digital Empowermen t Foundation (DEF),डिजिटल एम्पॉवरमेन टी फाउंडेशन (DEF),Digital Education Foundation (DEF),डिजिटल एज्युकेशन फाउंडेशन (DEF),Digital Education Fund (DEF),डिजिटल एज्युकेशन फंड (DEF),B,Digital Empowermen t Foundation (DEF),डिजिटल एम्पॉवरमेन टी फाउंडेशन (DEF)
279,31,Essential Digital Skills,आवश्यक डिजिटल कौशल्ये,Social Media for Professional Development,व्यावसायिक विकासासाठी सोशल मीडिया,69,"Rama has started using Social Media, as a responsible user what are the things she should not do?","रामाने सोशल मीडियाचा वापर सुरू केला आहे, एक जबाबदार वापरकर्ता म्हणून तिने कोणत्या गोष्टी करू नयेत?",Posting personal information publicly,वैयक्तिक माहिती सार्वजनिकपणे पोस्ट करणे,Connecting with professionals from her field,तिच्या क्षेत्रातील व्यावसायिकांशी संपर्क साधत आहे,Searching jobs online,ऑनलाइन नोकऱ्या शोधत आहे,Use social media to find the latest information.,नवीनतम माहिती शोधण्यासाठी सोशल मीडियाचा वापर करा.,A,Posting personal information publicly,वैयक्तिक माहिती सार्वजनिकपणे पोस्ट करणे
280,31,Essential Digital Skills,आवश्यक डिजिटल कौशल्ये,Social Media for Professional Development,व्यावसायिक विकासासाठी सोशल मीडिया,70,Radha wants to use social media for her professional growth. She could join groups according to her _____.,राधाला तिच्या व्यावसायिक वाढीसाठी सोशल मीडियाचा वापर करायचा आहे. ती तिच्या _____ नुसार गटांमध्ये सामील होऊ शकते.,mood,मूड,qualification,पात्रता,career or subject interests,करिअर किंवा विषयाची आवड,age,वय,C,career or subject interests,करिअर किंवा विषयाची आवड
281,32,Essential Digital Skills,आवश्यक डिजिटल कौशल्ये,Internet Safety,इंटरनेट सुरक्षा,71,Laws related to activities on the internet are called ________.,इंटरनेटवरील क्रियाकलापांशी संबंधित कायद्यांना ________ म्हणतात.,Labour laws,कामगार कायदे,Cyber laws,सायबर कायदे,Environment protection laws,पर्यावरण संरक्षण कायदे,Criminal laws,फौजदारी कायदे,B,Cyber laws,सायबर कायदे
282,32,Essential Digital Skills,आवश्यक डिजिटल कौशल्ये,Internet Safety,इंटरनेट सुरक्षा,72,What does SMART tips for internet safety stands for?,इंटरनेट सुरक्षिततेसाठी SMART टिप्स म्हणजे काय?,Stay Simple Manageable Attractive Reasonable Timely,साधे राहा व्यवस्थापित करण्यायोग्य आकर्षक वाजवी वेळेवर,Stay Safe Don’t Meet up Accepting Files Reliable Tell Someone,सुरक्षित रहा फायली स्वीकारून भेटू नका विश्वासार्ह कोणालातरी सांगा,Stay Simple Meet Up Acceptable Reachable Tell about yourself,साधे राहा भेटा स्वीकार्य पोहोचण्यायोग्य स्वतःबद्दल सांगा,None of these,यापैकी काहीही नाही,B,Stay Safe Don’t Meet up Accepting Files Reliable Tell Someone,सुरक्षित रहा फायली स्वीकारून भेटू नका विश्वासार्ह कोणालातरी सांगा
283,32,Essential Digital Skills,आवश्यक डिजिटल कौशल्ये,Internet Safety,इंटरनेट सुरक्षा,73,__________ is a tool that blocks unsafe pages when you are using a search engine.,__________ हे एक साधन आहे जे तुम्ही शोध इंजिन वापरत असताना असुरक्षित पृष्ठे अवरोधित करते.,Telegram,टेलीग्राम,Google,Google,Safe search,सुरक्षित शोध,Web page,वेब पृष्ठ,C,Safe search,सुरक्षित शोध
284,32,Essential Digital Skills,आवश्यक डिजिटल कौशल्ये,Internet Safety,इंटरनेट सुरक्षा,74,The safe search tool can be switched on and off for any search engine by changing the ______.,सुरक्षित शोध साधन ______ बदलून कोणत्याही शोध इंजिनसाठी चालू आणि बंद केले जाऊ शकते.,Settings,सेटिंग्ज,Web page,वेब पृष्ठ,Computer/ Device,संगणक/उपकरण,View Mode,पहा मोड,A,Settings,सेटिंग्ज
285,32,Essential Digital Skills,आवश्यक डिजिटल कौशल्ये,Internet Safety,इंटरनेट सुरक्षा,75,Ritika received a message about a bank transaction she did not make. Her friends told her to report it as cybercrime. Which portal can she use to file her complaint?,रितिकाला तिने न केलेल्या बँकेच्या व्यवहाराबाबतचा मेसेज आला. तिच्या मैत्रिणींनी तिला सायबर क्राईम म्हणून तक्रार करण्यास सांगितले. ती तक्रार नोंदवण्यासाठी कोणते पोर्टल वापरू शकते?,www. cybercrime.gov. in,www. cybercrime.gov. मध्ये,www.ccrime. gov.in,www.ccrime. gov.in,www. indiacybercrime. gov.in,www. indiacybercrime. gov.in,www. cybercrimeindia. gov.in,www. सायबर क्राइमइंडिया. gov.in,A,www. cybercrime.gov. in,www. cybercrime.gov. मध्ये
286,32,Essential Digital Skills,आवश्यक डिजिटल कौशल्ये,Communication using Email,ईमेल वापरून संप्रेषण,76,Which of the following is a correct Gmail id?,खालीलपैकी योग्य जीमेल आयडी कोणता?,xyz@gmail,xyz@gmail,xyz@gmail. com,xyz@gmail. com,xyz@ outlook.gmail,xyz@ outlook.gmail,gmail@xyz,gmail@xyz,B,xyz@gmail. com,xyz@gmail. com
287,32,Essential Digital Skills,आवश्यक डिजिटल कौशल्ये,Communication using Email,ईमेल वापरून संप्रेषण,77,Which of the following is used to send a copy of an email to another person without the main receiver of the email knowing?,ईमेलच्या मुख्य प्राप्तकर्त्याला माहिती नसताना ईमेलची प्रत दुसऱ्या व्यक्तीला पाठवण्यासाठी खालीलपैकी कोणता वापरला जातो?,Attach file,फाइल संलग्न करा,Subject,विषय,CC(Carbon Copy),CC(कार्बन कॉपी),BCC (Blind Carbon Copy),BCC (ब्लाइंड कार्बन कॉपी),D,BCC (Blind Carbon Copy),BCC (ब्लाइंड कार्बन कॉपी)
288,32,Essential Digital Skills,आवश्यक डिजिटल कौशल्ये,Communication using Email,ईमेल वापरून संप्रेषण,78,While creating a Gmail account ‘Create an account for myself’ option will be chosen to ________.,Gmail खाते तयार करताना ‘Create an account for Myself’ हा पर्याय ________ वर निवडला जाईल.,Create a bussiness account,व्यवसाय खाते तयार करा,Create a Personal account,वैयक्तिक खाते तयार करा,Create a company account,कंपनी खाते तयार करा,None of these,यापैकी काहीही नाही,B,Create a Personal account,वैयक्तिक खाते तयार करा
289,32,Essential Digital Skills,आवश्यक डिजिटल कौशल्ये,Communication using Email,ईमेल वापरून संप्रेषण,79,The ______ is a few words that quickly tell what the email is about.,______ हे काही शब्द आहेत जे ईमेल कशाबद्दल आहे ते पटकन सांगतात.,Compose,रचना करा,Subject,विषय,Inbox,इनबॉक्स,ID,आयडी,B,Subject,विषय
290,32,Essential Digital Skills,आवश्यक डिजिटल कौशल्ये,Communication using Email,ईमेल वापरून संप्रेषण,80,Azim has received a new mail from his teacher. Where can he check the mail received?,अझीमला त्याच्या शिक्षकाकडून एक नवीन मेल आला आहे. तो मिळालेला मेल कुठे तपासू शकतो?,Inbox,इनबॉक्स,Sent,पाठवले,Draft,मसुदा,Compose,रचना करा,A,Inbox,इनबॉक्स
291,33,Essential Digital Skills,आवश्यक डिजिटल कौशल्ये,Introduction to Mobile Applications,मोबाईल ऍप्लिकेशन्सचा परिचय,81,A mobile application or App is a software that is made to be used on a ______.,मोबाइल ॲप्लिकेशन किंवा ॲप हे एक सॉफ्टवेअर आहे जे ______ वर वापरण्यासाठी बनवले जाते.,Calculator,कॅल्क्युलेटर,Washing machine,वॉशिंग मशीन,smart device like a smartphone or tablet,स्मार्टफोन किंवा टॅबलेटसारखे स्मार्ट डिव्हाइस,All of these,वरील सर्व,C,smart device like a smartphone or tablet,स्मार्टफोन किंवा टॅबलेटसारखे स्मार्ट डिव्हाइस
292,33,Essential Digital Skills,आवश्यक डिजिटल कौशल्ये,Introduction to Mobile Applications,मोबाईल ऍप्लिकेशन्सचा परिचय,82,______ are the most convenient way to do something online.,ऑनलाइन काहीतरी करण्याचा ______ हा सर्वात सोयीचा मार्ग आहे.,Mobile apps,मोबाइल ॲप्स,Desktop,डेस्कटॉप,Monitor,मॉनिटर,Keypad,कीपॅड,A,Mobile apps,मोबाइल ॲप्स
293,33,Essential Digital Skills,आवश्यक डिजिटल कौशल्ये,Introduction to Mobile Applications,मोबाईल ऍप्लिकेशन्सचा परिचय,83,Choose the mobile app form the following options.,खालील पर्यायांमधून मोबाइल ॲप फॉर्म निवडा.,Linkedin,लिंक्डइन,YouTube,YouTube,Facebook,फेसबुक,All of these,वरील सर्व,D,All of these,वरील सर्व
294,33,Essential Digital Skills,आवश्यक डिजिटल कौशल्ये,Introduction to Mobile Applications,मोबाईल ऍप्लिकेशन्सचा परिचय,84,Preeti wants to find a video on pasta recipe. Which of the following mobile apps can she use for the same?,प्रीतीला पास्ता रेसिपीचा व्हिडिओ शोधायचा आहे. त्यासाठी ती खालीलपैकी कोणते मोबाइल ॲप वापरू शकते?,Whatsapp,Whatsapp,Email,ईमेल,YouTube,YouTube,Mobile Banking,मोबाइल बँकिंग,C,YouTube,YouTube
295,33,Essential Digital Skills,आवश्यक डिजिटल कौशल्ये,Introduction to Mobile Applications,मोबाईल ऍप्लिकेशन्सचा परिचय,85,Kirti attended a guest lecture. How can she use her mobile phone to understand the difficult words?,कीर्ती एका अतिथी व्याख्यानात सहभागी झाल्या होत्या. अवघड शब्द समजून घेण्यासाठी ती तिचा मोबाईल फोन कसा वापरू शकते?,Shopping app,खरेदी ॲप,Use a dictionary app,शब्दकोश ॲप वापरा,Grocery app,किराणा ॲप,Cosmetics store app,सौंदर्यप्रसाधने स्टोअर ॲप,B,Use a dictionary app,शब्दकोश ॲप वापरा
296,33,Essential Digital Skills,आवश्यक डिजिटल कौशल्ये,Internet of Things(IoT),इंटरनेट ऑफ थिंग्ज (IoT),86,Which of the following is a smart device?,खालीलपैकी कोणते यंत्र स्मार्ट आहे?,Smart Watch,स्मार्ट वॉच,Smart Phone,स्मार्ट फोन,Smart TV,स्मार्ट टीव्ही,All of these,वरील सर्व,D,All of these,वरील सर्व
297,33,Essential Digital Skills,आवश्यक डिजिटल कौशल्ये,Internet of Things(IoT),इंटरनेट ऑफ थिंग्ज (IoT),87,Alexa is a _____ assistant.,अलेक्सा एक _____ सहाय्यक आहे.,Digital voice controlled,डिजिटल आवाज नियंत्रित,Office Assistant,ऑफिस असिस्टंट,Home Assistant,गृह सहाय्यक,None of these,यापैकी काहीही नाही,A,Digital voice controlled,डिजिटल आवाज नियंत्रित
298,33,Essential Digital Skills,आवश्यक डिजिटल कौशल्ये,Internet of Things(IoT),इंटरनेट ऑफ थिंग्ज (IoT),88,Which of the following tasks can be performed by Alexa?,खालीलपैकी कोणते कार्य अलेक्सा द्वारे केले जाऊ शकते?,Check the weather,हवामान तपासा,Call phones,फोन करा,Play music,संगीत वाजवा,All of these,वरील सर्व,D,All of these,वरील सर्व
299,33,Essential Digital Skills,आवश्यक डिजिटल कौशल्ये,Internet of Things(IoT),इंटरनेट ऑफ थिंग्ज (IoT),89,Which of the following is a voice- controlled digital assistant?,खालीलपैकी कोणता आवाज-नियंत्रित डिजिटल सहाय्यक आहे?,Alexa,अलेक्सा,Siri,सिरी,Google Assistant,Google सहाय्यक,All of these,वरील सर्व,D,All of these,वरील सर्व
300,33,Essential Digital Skills,आवश्यक डिजिटल कौशल्ये,Internet of Things(IoT),इंटरनेट ऑफ थिंग्ज (IoT),90,Komal wants to regularly monitor her body conditions like temperature and heartbeat. Which of the following device can help her?,कोमलला तिच्या शरीराचे तापमान आणि हृदयाचे ठोके यासारख्या स्थितींचे नियमितपणे निरीक्षण करायचे आहे. खालीलपैकी कोणते उपकरण तिला मदत करू शकते?,Mobile Phone,मोबाईल फोन,Calculator,कॅल्क्युलेटर,Siri,सिरी,Smart watch,स्मार्ट घड्याळ,D,Smart watch,स्मार्ट घड्याळ
301,34,Essential Digital Skills,आवश्यक डिजिटल कौशल्ये,Using Online Meeting Tools for Interviews,मुलाखतीसाठी ऑनलाइन मीटिंग टूल्स वापरणे,91,"For online meetings, you can share ____for the people to join the meeting.","ऑनलाइन मीटिंगसाठी, तुम्ही _____ लोकांना मीटिंगमध्ये सामील व्हावे यासाठी शेअर करू शकता.",Personal mobile number,वैयक्तिक मोबाईल नंबर,Location,स्थान,email id,ईमेल आयडी,Meeting Link or ID,मीटिंग लिंक किंवा आयडी,D,Meeting Link or ID,मीटिंग लिंक किंवा आयडी
302,34,Essential Digital Skills,आवश्यक डिजिटल कौशल्ये,Using Online Meeting Tools for Interviews,मुलाखतीसाठी ऑनलाइन मीटिंग टूल्स वापरणे,92,Which of the following feature in not available in online meeting tools?,खालीलपैकी कोणते वैशिष्ट्य ऑनलाइन मीटिंग टूल्समध्ये उपलब्ध नाही?,Display Partcipants contact number,सहभागींचा संपर्क क्रमांक प्रदर्शित करा,Everyone can speak to each other and hear each other.,प्रत्येकजण एकमेकांशी बोलू शकतो आणि ऐकू शकतो.,Everyone can turn on the camera on their own devices,प्रत्येकजण त्यांच्या स्वतःच्या डिव्हाइसवर कॅमेरा चालू करू शकतो,"After the meeting, the online meeting can be closed and ended.","मीटिंगनंतर, ऑनलाइन मीटिंग बंद आणि समाप्त केली जाऊ शकते.",A,Display Partcipants contact number,सहभागींचा संपर्क क्रमांक प्रदर्शित करा
303,34,Essential Digital Skills,आवश्यक डिजिटल कौशल्ये,Using Online Meeting Tools for Interviews,मुलाखतीसाठी ऑनलाइन मीटिंग टूल्स वापरणे,93,"To find list of Participants in a Zoom meeting, click on participants option on _____ of the screen.","झूम मीटिंगमधील सहभागींची यादी शोधण्यासाठी, स्क्रीनच्या _____ वरील सहभागी पर्यायावर क्लिक करा.",Top,शीर्षस्थानी,Bottom,तळ,Left Side,डावी बाजू,Right Side,उजवी बाजू,B,Bottom,तळ
304,34,Essential Digital Skills,आवश्यक डिजिटल कौशल्ये,Using Online Meeting Tools for Interviews,मुलाखतीसाठी ऑनलाइन मीटिंग टूल्स वापरणे,94,Post-covid we adopted the virtual world. Meeting that happens online through the internet are called as__________________.,कोविड नंतर आम्ही आभासी जग स्वीकारले. इंटरनेटद्वारे ऑनलाइन होणाऱ्या मीटिंगला __________________ असे म्हणतात.,Online meeting,ऑनलाइन बैठक,Physical Meeting,शारीरिक बैठक,Offline Meeting,ऑफलाइन मीटिंग,None of these,यापैकी काहीही नाही,A,Online meeting,ऑनलाइन बैठक
305,34,Essential Digital Skills,आवश्यक डिजिटल कौशल्ये,Using Online Meeting Tools for Interviews,मुलाखतीसाठी ऑनलाइन मीटिंग टूल्स वापरणे,95,Meena is using google meet for the first time. She can use the same login account details as her __________.,मीना पहिल्यांदाच गुगल मीट वापरत आहे. ती तिच्या __________ प्रमाणेच लॉगिन खाते तपशील वापरू शकते.,Amazon account,ऍमेझॉन खाते,Bank account,बँक खाते,Gmail account,Gmail खाते,Zoho account,झोहो खाते,C,Gmail account,Gmail खाते
306,34,Essential Digital Skills,आवश्यक डिजिटल कौशल्ये,Explore Popular Sites for Learning and Career Growth,शिक्षण आणि करिअर वाढीसाठी लोकप्रिय साइट्स एक्सप्लोर करा,96,Which of the following websites is helpful to learn new languages for free?,नवीन भाषा विनामूल्य शिकण्यासाठी खालीलपैकी कोणती वेबसाइट उपयुक्त आहे?,LinkedIn,लिंक्डइन,Duolingo,ड्युओलिंगो,Codecademy,कोडकॅडमी,All of these,वरील सर्व,B,Duolingo,ड्युओलिंगो
307,34,Essential Digital Skills,आवश्यक डिजिटल कौशल्ये,Explore Popular Sites for Learning and Career Growth,शिक्षण आणि करिअर वाढीसाठी लोकप्रिय साइट्स एक्सप्लोर करा,97,Which of the following websites is helpful in learning and career growth?,खालीलपैकी कोणती वेबसाइट शिकण्यात आणि करिअर वाढीसाठी उपयुक्त आहे?,Codecademy,कोडकॅडमी,Khan Academy,खान अकादमी,Coursera,कोर्सेरा,All of these,वरील सर्व,D,All of these,वरील सर्व
308,34,Essential Digital Skills,आवश्यक डिजिटल कौशल्ये,Explore Popular Sites for Learning and Career Growth,शिक्षण आणि करिअर वाढीसाठी लोकप्रिय साइट्स एक्सप्लोर करा,98,Sam wants to learn computer coding skills for free and his friend has recommended____ website for the same.,सॅमला संगणक कोडींग कौशल्ये विनामूल्य शिकायची आहेत आणि त्याच्या मित्राने त्यासाठी____ वेबसाइटची शिफारस केली आहे.,Duolingo,ड्युओलिंगो,Khan Academy,खान अकादमी,NPTEL,NPTEL,Codecademy,कोडकॅडमी,D,Codecademy,कोडकॅडमी
309,34,Essential Digital Skills,आवश्यक डिजिटल कौशल्ये,Explore Popular Sites for Learning and Career Growth,शिक्षण आणि करिअर वाढीसाठी लोकप्रिय साइट्स एक्सप्लोर करा,99,Khan Academy is the most recommended website for______.,खान अकादमी ही ______ साठी सर्वाधिक शिफारस केलेली वेबसाइट आहे.,"free online material on school subjects like economics, physics, algebra,etc.","शालेय विषयांवर मोफत ऑनलाइन साहित्य जसे अर्थशास्त्र, भौतिकशास्त्र, बीजगणित इ.",Online meetings,ऑनलाइन बैठका,learning a new language for free,विनामूल्य नवीन भाषा शिकणे,Job search,नोकरी शोध,A,"free online material on school subjects like economics, physics, algebra,etc.","शालेय विषयांवर मोफत ऑनलाइन साहित्य जसे अर्थशास्त्र, भौतिकशास्त्र, बीजगणित इ."
310,34,Essential Digital Skills,आवश्यक डिजिटल कौशल्ये,Explore Popular Sites for Learning and Career Growth,शिक्षण आणि करिअर वाढीसाठी लोकप्रिय साइट्स एक्सप्लोर करा,100,Internet is the best place to be a __________________.,__________________ होण्यासाठी इंटरनेट हे सर्वोत्तम ठिकाण आहे.,Life long learner,आयुष्यभर शिकणारा,Self learner,स्वत: शिकणारा,Continuous learner,सतत शिकणारा,All of these,वरील सर्व,D,All of these,वरील सर्व
311,35,Financial and Legal Literacy,आर्थिक आणि कायदेशीर साक्षरता,Introduction to Money Management,मनी मॅनेजमेंटचा परिचय,1,Financial literacy is understanding the way money is ___________.,आर्थिक साक्षरता म्हणजे पैसा ___________ कसा आहे हे समजून घेणे.,saved,जतन,spent,खर्च,invested,गुंतवणूक केली,"saved, spent & invested","बचत, खर्च आणि गुंतवणूक",D,"saved, spent & invested","बचत, खर्च आणि गुंतवणूक"
312,35,Financial and Legal Literacy,आर्थिक आणि कायदेशीर साक्षरता,Introduction to Money Management,मनी मॅनेजमेंटचा परिचय,2,Costly things that are not essential for our survival are ______.,आपल्या जगण्यासाठी आवश्यक नसलेल्या महागड्या गोष्टी आहेत ______.,Needs,Needs,Money,पैसा,Luxuries,विलास,Savings,बचत,C,Luxuries,विलास
313,35,Financial and Legal Literacy,आर्थिक आणि कायदेशीर साक्षरता,Introduction to Money Management,मनी मॅनेजमेंटचा परिचय,3,Things that are needed for survival are _______.,जगण्यासाठी आवश्यक असलेल्या गोष्टी _______ आहेत.,Wants,पाहिजे,Needs,Needs,Savings,बचत,Expenses,खर्च,B,Needs,Needs
314,35,Financial and Legal Literacy,आर्थिक आणि कायदेशीर साक्षरता,Introduction to Money Management,मनी मॅनेजमेंटचा परिचय,4,"Sunitha earns Rs.10,000 every month. After setting a monthly budget amount, she is able to save Rs. 2000 every month. She will use this money in case of _____.","सुनिता दर महिन्याला 10,000 रुपये कमावते. मासिक बजेटची रक्कम ठरवल्यानंतर ती रु.ची बचत करू शकते. 2000 दरमहा. ती हे पैसे _____ च्या बाबतीत वापरेल.",emergencies,आणीबाणी,party,पार्टी,bills,बिले,travel,प्रवास,A,emergencies,आणीबाणी
315,35,Financial and Legal Literacy,आर्थिक आणि कायदेशीर साक्षरता,Introduction to Money Management,मनी मॅनेजमेंटचा परिचय,5,"Gopi spends his salary on movies, groceries, house rent and clothes. Where can he reduce his expenses to save some money?","गोपी आपला पगार चित्रपट, किराणा सामान, घरभाडे आणि कपडे यावर खर्च करतो. काही पैसे वाचवण्यासाठी तो कुठे खर्च कमी करू शकतो?",Clothes,कपडे,House rent,घरभाडे,Movies,चित्रपट,Groceries,किराणा सामान,C,Movies,चित्रपट
316,35,Financial and Legal Literacy,आर्थिक आणि कायदेशीर साक्षरता,Basics of Banking,बँकिंगची मूलभूत माहिती,6,All financial activity can be done through a ____.,सर्व आर्थिक क्रियाकलाप ____ द्वारे केले जाऊ शकतात.,Bank,बँक,School,शाळा,College,कॉलेज,Workplace,कामाची जागा,A,Bank,बँक
317,35,Financial and Legal Literacy,आर्थिक आणि कायदेशीर साक्षरता,Basics of Banking,बँकिंगची मूलभूत माहिती,7,Institution licensed by the government to keep money safe is _____.,पैसे सुरक्षित ठेवण्यासाठी सरकारकडून परवाना मिळालेली संस्था _____ आहे.,Hospital,हॉस्पिटल,Bank,बँक,Panchayat,पंचायत,Assembly,विधानसभा,B,Bank,बँक
318,35,Financial and Legal Literacy,आर्थिक आणि कायदेशीर साक्षरता,Basics of Banking,बँकिंगची मूलभूत माहिती,8,"When a person deposits a fixed sum of money every over a fixed period of time, it is a _____ account.","जेव्हा एखादी व्यक्ती ठराविक कालावधीत ठराविक रक्कम जमा करते, तेव्हा ते _____ खाते असते.",Recurring Deposit,आवर्ती ठेव,Saving Account,बचत खाते,Current Account,चालू खाते,Fixed Deposit,मुदत ठेव,A,Recurring Deposit,आवर्ती ठेव
319,35,Financial and Legal Literacy,आर्थिक आणि कायदेशीर साक्षरता,Basics of Banking,बँकिंगची मूलभूत माहिती,9,Arya has joined a new company. They want him to open a ______ so that they can credit his salary.,आर्या एका नवीन कंपनीत रुजू झाली आहे. त्यांची इच्छा आहे की त्याने ______ उघडावे जेणेकरून ते त्याचा पगार जमा करू शकतील.,Fixed deposit,मुदत ठेव,Recurring deposit,आवर्ती ठेव,Salary account,पगार खाते,Current account,चालू खाते,C,Salary account,पगार खाते
320,35,Financial and Legal Literacy,आर्थिक आणि कायदेशीर साक्षरता,Basics of Banking,बँकिंगची मूलभूत माहिती,10,Avinash needs to know about his transactions from the last month. How can he get these details?,अविनाशला त्याच्या गेल्या महिन्यापासूनच्या व्यवहारांची माहिती हवी आहे. त्याला हे तपशील कसे मिळतील?,Passbook,पासबुक,Debit Card,डेबिट कार्ड,Credit card,क्रेडिट कार्ड,Cheque book,चेक बुक,A,Passbook,पासबुक
321,36,Financial and Legal Literacy,आर्थिक आणि कायदेशीर साक्षरता,Online Banking And Digital Transactions,ऑनलाइन बँकिंग आणि डिजिटल व्यवहार,11,Online banking is also called _____.,ऑनलाइन बँकिंगला _____ असेही म्हणतात.,Home banking,होम बँकिंग,Office banking,ऑफिस बँकिंग,Net banking,नेट बँकिंग,Self banking,सेल्फ बँकिंग,C,Net banking,नेट बँकिंग
322,36,Financial and Legal Literacy,आर्थिक आणि कायदेशीर साक्षरता,Online Banking And Digital Transactions,ऑनलाइन बँकिंग आणि डिजिटल व्यवहार,12,What can you do with online banking?,आपण ऑनलाइन बँकिंगसह काय करू शकता?,Send money to someone,एखाद्याला पैसे पाठवा,Open a bank account,बँक खाते उघडा,Get details of all the transactions,सर्व व्यवहारांचे तपशील मिळवा,All of these,वरील सर्व,D,All of these,वरील सर्व
323,36,Financial and Legal Literacy,आर्थिक आणि कायदेशीर साक्षरता,Online Banking And Digital Transactions,ऑनलाइन बँकिंग आणि डिजिटल व्यवहार,13,Disha wants to repay her loan. How can she do it without going to the bank?,दिशाला तिचे कर्ज फेडायचे आहे. बँकेत गेल्याशिवाय ती कशी काय करणार?,Online transfer,ऑनलाइन हस्तांतरण,Open bank account,बँक खाते उघडा,Close account,खाते बंद करा,Withdraw from ATM,एटीएममधून पैसे काढा,A,Online transfer,ऑनलाइन हस्तांतरण
324,36,Financial and Legal Literacy,आर्थिक आणि कायदेशीर साक्षरता,Online Banking And Digital Transactions,ऑनलाइन बँकिंग आणि डिजिटल व्यवहार,14,Indu booked her railway ticket from the website and paid using online banking. What type of transaction is it?,इंदूने वेबसाइटवरून तिचे रेल्वे तिकीट बुक केले आणि ऑनलाइन बँकिंग वापरून पैसे दिले. हा कोणत्या प्रकारचा व्यवहार आहे?,Cash Payment,रोख पेमेंट,Digital transaction,डिजिटल व्यवहार,Cheque payment,पेमेंट तपासा,Credit,पत,B,Digital transaction,डिजिटल व्यवहार
325,36,Financial and Legal Literacy,आर्थिक आणि कायदेशीर साक्षरता,Online Banking And Digital Transactions,ऑनलाइन बँकिंग आणि डिजिटल व्यवहार,15,Which of the following are ways to conduct a digital transaction?,डिजिटल व्यवहार करण्याचे खालीलपैकी कोणते मार्ग आहेत?,Digital Wallet,डिजिटल वॉलेट,UPI Payment,UPI पेमेंट,Credit Card,क्रेडिट कार्ड,All of these,वरील सर्व,D,All of these,वरील सर्व
326,36,Financial and Legal Literacy,आर्थिक आणि कायदेशीर साक्षरता,Mobile Banking Apps,मोबाइल बँकिंग ॲप्स,16,Net banking is done on a computer through a _________.,नेट बँकिंग संगणकावर _________ द्वारे केले जाते.,Relative,नातेवाईक,Friend,मित्र,Cashier,रोखपाल,Bank website,बँक वेबसाइट,D,Bank website,बँक वेबसाइट
327,36,Financial and Legal Literacy,आर्थिक आणि कायदेशीर साक्षरता,Mobile Banking Apps,मोबाइल बँकिंग ॲप्स,17,We can use _________to do mobile banking on a smartphone.,स्मार्टफोनवर मोबाईल बँकिंग करण्यासाठी आम्ही _________ वापरू शकतो.,Gaming app,गेमिंग ॲप,Mobile banking app,मोबाइल बँकिंग ॲप,Weather app,हवामान ॲप,Passbook,पासबुक,B,Mobile banking app,मोबाइल बँकिंग ॲप
328,36,Financial and Legal Literacy,आर्थिक आणि कायदेशीर साक्षरता,Mobile Banking Apps,मोबाइल बँकिंग ॲप्स,18,What can we use net banking for?,आपण नेट बँकिंग कशासाठी वापरू शकतो?,Checking bank statement,बँक स्टेटमेंट तपासत आहे,Transferring funds,निधी हस्तांतरित करणे,Paying bills,बिले भरणे,All of these,वरील सर्व,D,All of these,वरील सर्व
329,36,Financial and Legal Literacy,आर्थिक आणि कायदेशीर साक्षरता,Mobile Banking Apps,मोबाइल बँकिंग ॲप्स,19,Jaya used her friend's laptop to log into her bank account. What should she do before giving the laptop back?,जयाने तिच्या बँक खात्यात लॉग इन करण्यासाठी तिच्या मित्राचा लॅपटॉप वापरला. लॅपटॉप परत देण्यापूर्वी तिने काय करावे?,Close the laptop,लॅपटॉप बंद करा,Stay logged in,लॉग इन रहा,Log out of her bank account,तिच्या बँक खात्यातून लॉग आउट करा,Close the website,वेबसाइट बंद करा,C,Log out of her bank account,तिच्या बँक खात्यातून लॉग आउट करा
330,36,Financial and Legal Literacy,आर्थिक आणि कायदेशीर साक्षरता,Mobile Banking Apps,मोबाइल बँकिंग ॲप्स,20,Pragathi downloaded the bank app on her mobile. What should she not share with anyone?,प्रगतीने तिच्या मोबाईलवर बँकेचे ॲप डाउनलोड केले. तिने कोणाशी काय शेअर करू नये?,Password,पासवर्ड,MPIN,MPIN,OTP,OTP,All of these,वरील सर्व,D,All of these,वरील सर्व
331,37,Financial and Legal Literacy,आर्थिक आणि कायदेशीर साक्षरता,Online Payments,ऑनलाइन पेमेंट,21,What is an easy and quick way to make online payments?,ऑनलाइन पेमेंट करण्याचा सोपा आणि जलद मार्ग कोणता आहे?,Digital wallets,डिजिटल वॉलेट्स,Cheque payment,पेमेंट तपासा,Cash on delivery,कॅश ऑन डिलिव्हरी,Going to the bank,बँकेत जात आहे,A,Digital wallets,डिजिटल वॉलेट्स
332,37,Financial and Legal Literacy,आर्थिक आणि कायदेशीर साक्षरता,Online Payments,ऑनलाइन पेमेंट,22,Which among these is NOT a digital wallet?,यापैकी कोणते डिजिटल वॉलेट नाही?,MobiKwik,MobiKwik,Paytm,पेटीएम,PhonePe,फोनपे,Internet explorer,इंटरनेट एक्सप्लोरर,D,Internet explorer,इंटरनेट एक्सप्लोरर
333,37,Financial and Legal Literacy,आर्थिक आणि कायदेशीर साक्षरता,Online Payments,ऑनलाइन पेमेंट,23,"A ________ is a square, black and white code that you can scan with the camera and use.","A ________ हा एक चौरस, काळा आणि पांढरा कोड आहे जो तुम्ही कॅमेराने स्कॅन करू शकता आणि वापरू शकता.",QR Code,QR कोड,Password,पासवर्ड,OTP,OTP,User ID,वापरकर्ता आयडी,A,QR Code,QR कोड
334,37,Financial and Legal Literacy,आर्थिक आणि कायदेशीर साक्षरता,Online Payments,ऑनलाइन पेमेंट,24,"On a bank holiday, which of these methods cannot be used by Shahab for money transfer?","बँकेच्या सुट्टीच्या दिवशी, शहाब पैसे हस्तांतरणासाठी यापैकी कोणती पद्धत वापरू शकत नाही?",BHIM app,भीम ॲप,Google pay,Google पे,Deposit at the bank branch,बँकेच्या शाखेत जमा करा,Amazon pay,ऍमेझॉन पे,C,Deposit at the bank branch,बँकेच्या शाखेत जमा करा
335,37,Financial and Legal Literacy,आर्थिक आणि कायदेशीर साक्षरता,Online Payments,ऑनलाइन पेमेंट,25,Sam opened a new shop. Which of these methods can he use to receive payments into his account?,सॅमने नवीन दुकान उघडले. त्याच्या खात्यात पेमेंट प्राप्त करण्यासाठी तो यापैकी कोणती पद्धत वापरू शकतो?,Movie ticket,चित्रपटाचे तिकीट,QR code,QR कोड,Library card,लायब्ररी कार्ड,Gift card,भेट कार्ड,B,QR code,QR कोड
336,37,Financial and Legal Literacy,आर्थिक आणि कायदेशीर साक्षरता,Salary,पगार,26,Regular payment made by the employer to the employee is ___.,नियोक्त्याने कर्मचाऱ्याला दिलेले नियमित पेमेंट ___ आहे.,Appraisal,मूल्यांकन,Debt,कर्ज,Loan,कर्ज,Salary,पगार,D,Salary,पगार
337,37,Financial and Legal Literacy,आर्थिक आणि कायदेशीर साक्षरता,Salary,पगार,27,Deductions should be paid from the ___.,वजावट ___ मधून भरली पाहिजे.,Gross salary,एकूण पगार,Net Salary,निव्वळ पगार,Earnings,कमाई,Basic Salary,मूळ पगार,A,Gross salary,एकूण पगार
338,37,Financial and Legal Literacy,आर्थिक आणि कायदेशीर साक्षरता,Salary,पगार,28,The government collects ____ from the citizens.,सरकार नागरिकांकडून ____ गोळा करते.,Loan,कर्ज,Tax,कर,Deductions,वजावट,Conveyance,वाहतूक,B,Tax,कर
339,37,Financial and Legal Literacy,आर्थिक आणि कायदेशीर साक्षरता,Salary,पगार,29,Karthik has joined a new company. His salary is Rs. 3 lakhs per year. This is his ____salary.,कार्तिक एका नवीन कंपनीत रुजू झाला आहे. त्यांचा पगार रु. वर्षाला 3 लाख. हा त्याचा ____ पगार आहे.,Monthly,मासिक,Basic,बेसिक,Net,नेट,Gross,स्थूल,D,Gross,स्थूल
340,37,Financial and Legal Literacy,आर्थिक आणि कायदेशीर साक्षरता,Salary,पगार,30,Simon’s company calculated the income tax and paid on behalf of him. This is called ____.,सायमनच्या कंपनीने आयकर मोजला आणि त्याच्या वतीने भरला. याला ____ म्हणतात.,House rent allowance,घरभाडे भत्ता,Interest,व्याज,TDS,TDS,NPS,NPS,C,TDS,TDS
341,38,Financial and Legal Literacy,आर्थिक आणि कायदेशीर साक्षरता,Savings,बचत,31,The amount put aside without being spent is ____.,खर्च न करता बाजूला ठेवलेली रक्कम ____ आहे.,Savings,बचत,Bill,बिल,Tax,कर,Deductions,वजावट,A,Savings,बचत
342,38,Financial and Legal Literacy,आर्थिक आणि कायदेशीर साक्षरता,Savings,बचत,32,Money put aside for a big expense many years from now is ____ savings.,आजपासून अनेक वर्षांनी मोठ्या खर्चासाठी बाजूला ठेवलेला पैसा म्हणजे ____ बचत.,Long term,दीर्घकालीन,Goal,ध्येय,Emergency,आणीबाणी,Short term,अल्पकालीन,A,Long term,दीर्घकालीन
343,38,Financial and Legal Literacy,आर्थिक आणि कायदेशीर साक्षरता,Savings,बचत,33,Which saving option would you choose to buy an expensive bike you have always wanted?,तुम्हाला नेहमी हवी असलेली महागडी बाईक खरेदी करण्यासाठी तुम्ही बचतीचा कोणता पर्याय निवडाल?,Long term savings,दीर्घकालीन बचत,Goal savings,ध्येय बचत,Emergency savings,आपत्कालीन बचत,None of these,यापैकी काहीही नाही,B,Goal savings,ध्येय बचत
344,38,Financial and Legal Literacy,आर्थिक आणि कायदेशीर साक्षरता,Savings,बचत,34,Rajesh wants to save Rs. 6000 every year for his old age. How much should he save every month?,राजेशला रुपये वाचवायचे आहेत. त्याच्या वृद्धापकाळासाठी दरवर्षी 6000 रु. त्याने दर महिन्याला किती बचत करावी?,100,100,500,500,50,50,6000,6000,B,500,500
345,38,Financial and Legal Literacy,आर्थिक आणि कायदेशीर साक्षरता,Savings,बचत,35,Abhi wants to teach his 10-year-old daughter to save money from the pocket money she receives every month. Which option is the best?,अभिला त्याच्या 10 वर्षांच्या मुलीला दर महिन्याला मिळणाऱ्या पॉकेटमनीतून पैसे वाचवायला शिकवायचे आहे. कोणता पर्याय सर्वोत्तम आहे?,Fixed Deposit,मुदत ठेव,Salary Account,पगार खाते,Piggy Bank,पिगी बँक,None of these,यापैकी काहीही नाही,C,Piggy Bank,पिगी बँक
346,38,Financial and Legal Literacy,आर्थिक आणि कायदेशीर साक्षरता,Loans and Insurance,कर्ज आणि विमा,36,Money borrowed from bank or a person is called ____.,बँकेकडून किंवा एखाद्या व्यक्तीकडून घेतलेल्या पैशाला ____ म्हणतात.,Tax,कर,Gift,भेट,Interest,व्याज,Loan,कर्ज,D,Loan,कर्ज
347,38,Financial and Legal Literacy,आर्थिक आणि कायदेशीर साक्षरता,Loans and Insurance,कर्ज आणि विमा,37,What is the benefit of paying money regularly for an insurance plan?,विमा योजनेसाठी नियमितपणे पैसे भरण्याचा काय फायदा आहे?,It provides free entertainment.,हे विनामूल्य मनोरंजन प्रदान करते.,It covers travel expenses.,यात प्रवासाचा खर्च येतो.,It helps us manage emergency situations.,हे आम्हाला आपत्कालीन परिस्थिती व्यवस्थापित करण्यात मदत करते.,It increases monthly savings.,त्यामुळे मासिक बचत वाढते.,C,It helps us manage emergency situations.,हे आम्हाला आपत्कालीन परिस्थिती व्यवस्थापित करण्यात मदत करते.
348,38,Financial and Legal Literacy,आर्थिक आणि कायदेशीर साक्षरता,Loans and Insurance,कर्ज आणि विमा,38,The extra amount we pay for borrowing money is _____.,पैसे उधार घेण्यासाठी आम्ही दिलेली अतिरिक्त रक्कम _____ आहे.,Loan,कर्ज,Interest,व्याज,Hidden charges,छुपे शुल्क,Processing charges,प्रक्रिया शुल्क,B,Interest,व्याज
349,38,Financial and Legal Literacy,आर्थिक आणि कायदेशीर साक्षरता,Loans and Insurance,कर्ज आणि विमा,39,Rita wants to complete her higher education from a good university. Which loan should she apply for?,रिटाला तिचे उच्च शिक्षण चांगल्या विद्यापीठातून पूर्ण करायचे आहे. तिने कोणत्या कर्जासाठी अर्ज करावा?,Home loan,गृहकर्ज,Personal loan,वैयक्तिक कर्ज,Education loan,शैक्षणिक कर्ज,Auto loan,ऑटो कर्ज,C,Education loan,शैक्षणिक कर्ज
350,38,Financial and Legal Literacy,आर्थिक आणि कायदेशीर साक्षरता,Loans and Insurance,कर्ज आणि विमा,40,Priya wants to purchase a bike. Which loan should she apply for?,प्रियाला बाईक खरेदी करायची आहे. तिने कोणत्या कर्जासाठी अर्ज करावा?,Home loan,गृहकर्ज,Personal loan,वैयक्तिक कर्ज,Education loan,शैक्षणिक कर्ज,Auto loan,ऑटो कर्ज,D,Auto loan,ऑटो कर्ज
351,39,Financial and Legal Literacy,आर्थिक आणि कायदेशीर साक्षरता,Legal Literacy,कायदेशीर साक्षरता,41,Knowledge and awareness of laws is called ____.,कायद्यांचे ज्ञान आणि जागरूकता याला ____ म्हणतात.,Digital literacy,डिजिटल साक्षरता,Legal literacy,कायदेशीर साक्षरता,Financial literacy,आर्थिक साक्षरता,English literacy,इंग्रजी साक्षरता,B,Legal literacy,कायदेशीर साक्षरता
352,39,Financial and Legal Literacy,आर्थिक आणि कायदेशीर साक्षरता,Legal Literacy,कायदेशीर साक्षरता,42,RTI means_________.,RTI म्हणजे _________.,Road Transport Institute,रस्ता वाहतूक संस्था,Right to Insurance,विम्याचा अधिकार,Right to Inform,माहिती देण्याचा अधिकार,Right to Information,माहितीचा अधिकार,D,Right to Information,माहितीचा अधिकार
353,39,Financial and Legal Literacy,आर्थिक आणि कायदेशीर साक्षरता,Legal Literacy,कायदेशीर साक्षरता,43,Online portal set up by the government to make any government related complaints is ___.,कोणत्याही सरकारी तक्रारी करण्यासाठी सरकारने स्थापन केलेले ऑनलाइन पोर्टल ___ आहे.,Public grievances portal,सार्वजनिक तक्रार पोर्टल,Place grievances portal,तक्रार पोर्टल ठेवा,Public informing portal,सार्वजनिक माहिती देणारे पोर्टल,Public information portal,सार्वजनिक माहिती पोर्टल,A,Public grievances portal,सार्वजनिक तक्रार पोर्टल
354,39,Financial and Legal Literacy,आर्थिक आणि कायदेशीर साक्षरता,Legal Literacy,कायदेशीर साक्षरता,44,Sudha just delivered a baby. For how long Is she entitled to take a maternity leave as an employee?,सुधाने नुकतेच बाळाला जन्म दिला. ती किती काळासाठी कर्मचारी म्हणून प्रसूती रजा घेण्यास पात्र आहे?,2 months,2 महिने,5 months,5 महिने,26 weeks,26 आठवडे,One year,एक वर्ष,C,26 weeks,26 आठवडे
355,39,Financial and Legal Literacy,आर्थिक आणि कायदेशीर साक्षरता,Legal Literacy,कायदेशीर साक्षरता,45,Paul just got hired and received his employment letter. He is supposed to read it carefully and sign as it is a ____.,पॉल नुकताच कामावर आला आणि त्याला त्याचे रोजगार पत्र मिळाले. त्याने ते काळजीपूर्वक वाचले पाहिजे आणि ते ____ आहे म्हणून स्वाक्षरी केली पाहिजे.,Certificate,प्रमाणपत्र,Legal binding document,कायदेशीर बंधनकारक दस्तऐवज,Marks card,मार्क्स कार्ड,Poster,पोस्टर,B,Legal binding document,कायदेशीर बंधनकारक दस्तऐवज
356,40,Diversity and Inclusion,विविधता आणि समावेशन,Gender Stereotypes,लिंग स्टिरियोटाइप,1,Physical body and the sexual organs that we are born with refers to person’s_______.,शारीरिक शरीर आणि आपण ज्या लैंगिक अवयवांसह जन्माला आलो आहोत ते व्यक्तीच्या ________ चा संदर्भ देतात.,Gender,लिंग,Sex,लिंग,Age,वय,Biodata,बायोडेटा,B,Sex,लिंग
357,40,Diversity and Inclusion,विविधता आणि समावेशन,Gender Stereotypes,लिंग स्टिरियोटाइप,2,_____ is a belief/idea which may not be true.,_____ ही एक श्रद्धा/कल्पना आहे जी कदाचित खरी नसेल.,Sex,लिंग,Gender,लिंग,Stereotype,स्टिरियोटाइप,Feminine,स्त्रीलिंगी,C,Stereotype,स्टिरियोटाइप
358,40,Diversity and Inclusion,विविधता आणि समावेशन,Gender Stereotypes,लिंग स्टिरियोटाइप,3,"People who are born in one sex, but they know that they belong to another sex are_______.","जे लोक एका लिंगात जन्माला आले आहेत, परंतु त्यांना माहित आहे की ते दुसऱ्या लिंगाचे आहेत ते _______ आहेत.",Transpersons,ट्रान्सपरन्स,Stereotypical,स्टिरियोटिपिकल,Males,नर,Females,स्त्रिया,A,Transpersons,ट्रान्सपरन्स
359,40,Diversity and Inclusion,विविधता आणि समावेशन,Gender Stereotypes,लिंग स्टिरियोटाइप,4,"Even though Roopa is highly efficient at her job, her manager gives most of the field/travel related projects to Ramesh. This can be an example of____","रूपा तिच्या कामात अत्यंत कार्यक्षम असूनही, तिचा व्यवस्थापक रमेशला फील्ड/प्रवासाशी संबंधित बहुतेक प्रकल्प देतो. हे ____ चे उदाहरण असू शकते",Stereotype,स्टिरियोटाइप,Trust,भरवसा,Diversity,विविधता,Equality,समानता,A,Stereotype,स्टिरियोटाइप
360,40,Diversity and Inclusion,विविधता आणि समावेशन,Gender Stereotypes,लिंग स्टिरियोटाइप,5,Azim wants to learn dancing and challange the gender stereotype that only women should learn dancing. It is completely ________.,अझीमला नृत्य शिकायचे आहे आणि केवळ महिलांनीच नृत्य शिकले पाहिजे अशा लिंग स्टिरियोटाइपला आव्हान द्यायचे आहे. ते पूर्णपणे ________ आहे.,wrong,चुकीचे,Impossible,अशक्य,funny,मजेदार,okay,ठीक आहे,D,okay,ठीक आहे
361,40,Diversity and Inclusion,विविधता आणि समावेशन,Understanding Gender Based Discrimination,लिंग आधारित भेदभाव समजून घेणे,6,"_________can lead to division of people, communites and familes.","_________ लोक, समुदाय आणि कुटुंबांचे विभाजन होऊ शकते.",Gender equality,लिंग समानता,Respecting all people,सर्व लोकांचा आदर करणे,Gender discrimination,लिंगभेद,Same rights,समान अधिकार,C,Gender discrimination,लिंगभेद
362,40,Diversity and Inclusion,विविधता आणि समावेशन,Understanding Gender Based Discrimination,लिंग आधारित भेदभाव समजून घेणे,7,"When discrimination is done to help someone in need, that is called______ discrimination.",जेव्हा एखाद्या गरजू व्यक्तीला मदत करण्यासाठी भेदभाव केला जातो तेव्हा त्याला ______ भेदभाव म्हणतात.,situational,परिस्थितीजन्य,gender,लिंग,positive,सकारात्मक,negative,नकारात्मक,C,positive,सकारात्मक
363,40,Diversity and Inclusion,विविधता आणि समावेशन,Understanding Gender Based Discrimination,लिंग आधारित भेदभाव समजून घेणे,8,John wasn't selected for a job because he is a man. What type of discrimination is this?,जॉनची नोकरीसाठी निवड झाली नाही कारण तो पुरुष आहे. हा कोणत्या प्रकारचा भेदभाव आहे?,Age discrimination,वयाचा भेदभाव,Color discrimination,रंगभेद,Gender discrimination,लिंगभेद,Education discrimination,शैक्षणिक भेदभाव,C,Gender discrimination,लिंगभेद
364,40,Diversity and Inclusion,विविधता आणि समावेशन,Understanding Gender Based Discrimination,लिंग आधारित भेदभाव समजून घेणे,9,"In India, the number of boys/men who can get education is much higher than girls/women. What type of discrimination is this?","भारतात, शिक्षण घेऊ शकणाऱ्या मुलांची/पुरुषांची संख्या मुली/महिलांपेक्षा खूप जास्त आहे. हा कोणत्या प्रकारचा भेदभाव आहे?",Color discrimination,रंगभेद,Religion based discrimination,धर्मावर आधारित भेदभाव,Age discrimination,वयाचा भेदभाव,Gender discrimination,लिंगभेद,D,Gender discrimination,लिंगभेद
365,40,Diversity and Inclusion,विविधता आणि समावेशन,Understanding Gender Based Discrimination,लिंग आधारित भेदभाव समजून घेणे,10,Which of the following could be possible reasons for gender based discrimination?,लिंग आधारित भेदभावाची संभाव्य कारणे खालीलपैकी कोणती असू शकतात?,Social Norms,सामाजिक नियम,Lack of Education,शिक्षणाचा अभाव,Lack of Awareness,जागृतीचा अभाव,All of these,वरील सर्व,D,All of these,वरील सर्व
366,41,Diversity and Inclusion,विविधता आणि समावेशन,Gender Equality,लैंगिक समानता,11,"Equality means in the same situation, people have the ______________.","समानता म्हणजे समान परिस्थितीत, लोकांकडे ______________ आहे.",Same rights,समान अधिकार,Same age,त्याच वय,Same color,समान रंग,Same height,समान उंची,A,Same rights,समान अधिकार
367,41,Diversity and Inclusion,विविधता आणि समावेशन,Gender Equality,लैंगिक समानता,12,"Irrespective of their gender identities, all people must have the same rights. This is called ______.","त्यांची लिंग ओळख विचारात न घेता, सर्व लोकांना समान अधिकार असणे आवश्यक आहे. याला ______ म्हणतात.",Gender equality,लिंग समानता,Gender Stereotype,लिंग स्टिरियोटाइप,Gender Descrimination,लिंग वर्णन,Gender rights,लिंग अधिकार,A,Gender equality,लिंग समानता
368,41,Diversity and Inclusion,विविधता आणि समावेशन,Gender Equality,लैंगिक समानता,13,Women and men are often not paid the same salary for the same job. This is known as ______.,महिला आणि पुरुषांना एकाच कामासाठी समान वेतन दिले जात नाही. हे ______ म्हणून ओळखले जाते.,Gender gap,लिंग अंतर,Gender pay gap,लिंग वेतन अंतर,Learning gap,शिकण्याचे अंतर,Nutrition gap,पोषण अंतर,B,Gender pay gap,लिंग वेतन अंतर
369,41,Diversity and Inclusion,विविधता आणि समावेशन,Gender Equality,लैंगिक समानता,14,Neena is born as a differently-abled person. Her teachers must treat her ________.,नीना यांचा जन्म वेगळ्या दिव्यांग म्हणून झाला आहे. तिच्या शिक्षकांनी तिच्याशी ________ उपचार केले पाहिजेत.,Rudely,उद्धटपणे,Strictly,काटेकोरपणे,Equally with care,तितक्याच काळजीने,Unfairly,अन्यायाने,C,Equally with care,तितक्याच काळजीने
370,41,Diversity and Inclusion,विविधता आणि समावेशन,Gender Equality,लैंगिक समानता,15,Anita and her partner are paid the same salary for the same job. This is a good example of _________.,अनिता आणि तिच्या जोडीदाराला एकाच कामासाठी समान पगार दिला जातो. हे _________ चे उत्तम उदाहरण आहे.,Jealousy,मत्सर,Gender equality,लिंग समानता,Discrimination,भेदभाव,Stereotype,स्टिरियोटाइप,B,Gender equality,लिंग समानता
371,41,Diversity and Inclusion,विविधता आणि समावेशन,Diversity in Workplace,कामाच्या ठिकाणी विविधता,16,Workplace is a place where employees from different backgrounds are hired. They work in a safe and respectful environment. This is an example of _________.,कामाची जागा ही अशी जागा आहे जिथे विविध पार्श्वभूमीतील कर्मचारी नियुक्त केले जातात. ते सुरक्षित आणि आदरयुक्त वातावरणात काम करतात. हे _________ चे उदाहरण आहे.,Diversity,विविधता,Workplace bullying,कामाच्या ठिकाणी गुंडगिरी,Discrimination,भेदभाव,Bad workplace management,कामाच्या ठिकाणी खराब व्यवस्थापन,A,Diversity,विविधता
372,41,Diversity and Inclusion,विविधता आणि समावेशन,Diversity in Workplace,कामाच्या ठिकाणी विविधता,17,"People of different sex, gender, caste, class, culture, age, physical appearance, education, abilities must feel______.","भिन्न लिंग, लिंग, जात, वर्ग, संस्कृती, वय, शारीरिक स्वरूप, शिक्षण, क्षमता या लोकांना ______ वाटणे आवश्यक आहे.",Unsafe and worried,असुरक्षित आणि चिंताग्रस्त,Safe and respected,सुरक्षित आणि आदरणीय,Unsafe and bullied,असुरक्षित आणि गुंडगिरी,Threatened and policed,धमकावले आणि पोलिसात गेले,B,Safe and respected,सुरक्षित आणि आदरणीय
373,41,Diversity and Inclusion,विविधता आणि समावेशन,Diversity in Workplace,कामाच्या ठिकाणी विविधता,18,A diverse workplace increases ______.,वैविध्यपूर्ण कार्यस्थळ ______ वाढते.,Productivity,उत्पादकता,Workload,कामाचा ताण,Stress,ताण,Tension,टेन्शन,A,Productivity,उत्पादकता
374,41,Diversity and Inclusion,विविधता आणि समावेशन,Diversity in Workplace,कामाच्या ठिकाणी विविधता,19,Tanvi’s team has many barriers to having a diverse workforce. This may lead to ______.,तन्वीच्या टीममध्ये वैविध्यपूर्ण कार्यबल असण्यात अनेक अडथळे आहेत. यामुळे ______ होऊ शकते.,Better communication,उत्तम संवाद,Conflicts affecting work,मतभेदांमुळे कामावर परिणाम होतो,Good teamwork,चांगले टीमवर्क,Increased productivity,उत्पादकता वाढली,B,Conflicts affecting work,मतभेदांमुळे कामावर परिणाम होतो
375,41,Diversity and Inclusion,विविधता आणि समावेशन,Diversity in Workplace,कामाच्या ठिकाणी विविधता,20,Meena is not comfortable talking to her colleagues in English. This is an example of ____________.,मीनाला तिच्या सहकाऱ्यांशी इंग्रजीत बोलणे सोयीचे वाटत नाही. हे ____________ चे उदाहरण आहे.,Caste barrier,जातीचा अडथळा,Cultural barrier,सांस्कृतिक अडथळा,Communicatio n barrier,संप्रेषण n अडथळा,Gender barrier,लिंग अडथळा,C,Communicatio n barrier,संप्रेषण n अडथळा
376,42,Diversity and Inclusion,विविधता आणि समावेशन,Inclusion in the Workplace,कामाच्या ठिकाणी समावेश,21,The practice of including people within any group or social setting with respect and empathy is called ________.,कोणत्याही समूहातील किंवा सामाजिक वातावरणातील लोकांना आदर आणि सहानुभूतीने समाविष्ट करण्याच्या प्रथेला ________ म्हणतात.,Inclusion,समावेशन,Conflict,संघर्ष,Gender based discrimination,लिंग आधारित भेदभाव,Gender stereotype,लिंग स्टिरियोटाइप,A,Inclusion,समावेशन
377,42,Diversity and Inclusion,विविधता आणि समावेशन,Inclusion in the Workplace,कामाच्या ठिकाणी समावेश,22,An inclusive environment is needed for happiness and _____ at work.,कामाच्या ठिकाणी आनंद आणि _____ साठी सर्वसमावेशक वातावरण आवश्यक आहे.,Ideas,कल्पना,Growth,वाढ,Wage gap,वेतनातील तफावत,Stereotype,स्टिरियोटाइप,B,Growth,वाढ
378,42,Diversity and Inclusion,विविधता आणि समावेशन,Inclusion in the Workplace,कामाच्या ठिकाणी समावेश,23,Inclusion in a workplace happens when every member of the company gets the same ______ at work.,जेव्हा कंपनीच्या प्रत्येक सदस्याला कामाच्या ठिकाणी समान ______ मिळते तेव्हा कामाच्या ठिकाणी समावेश होतो.,Chances,शक्यता,Culture,संस्कृती,Nutrition,पोषण,Age,वय,A,Chances,शक्यता
379,42,Diversity and Inclusion,विविधता आणि समावेशन,Inclusion in the Workplace,कामाच्या ठिकाणी समावेश,24,"You and your coworker, David are going for lunch. David uses a wheelchair. What should you keep in mind when selecting a restaurant?",तुम्ही आणि तुमचा सहकारी डेव्हिड जेवणासाठी जात आहात. डेव्हिड व्हीलचेअर वापरतो. रेस्टॉरंट निवडताना आपण काय लक्षात ठेवले पाहिजे?,Choose any resturant,कोणतेही रेस्टॉरंट निवडा,Selecting the most expensive restaurant,सर्वात महाग रेस्टॉरंट निवडत आहे,Choose a restaurant with a wheelchair ramp and accessible facilities,व्हीलचेअर रॅम्प आणि प्रवेशयोग्य सुविधा असलेले रेस्टॉरंट निवडा,Go alone,एकटे जा,C,Choose a restaurant with a wheelchair ramp and accessible facilities,व्हीलचेअर रॅम्प आणि प्रवेशयोग्य सुविधा असलेले रेस्टॉरंट निवडा
380,42,Diversity and Inclusion,विविधता आणि समावेशन,Inclusion in the Workplace,कामाच्या ठिकाणी समावेश,25,Subir wants to celebrate all festivals at his workplace. This shows that he is ___________.,सुबीरला त्याच्या कामाच्या ठिकाणी सर्व सण साजरे करायचे आहेत. हे दर्शवते की तो ___________ आहे.,Inclusive,सर्वसमावेशक,Productive,उत्पादक,Disciplined,शिस्तबद्ध,Silent,मूक,A,Inclusive,सर्वसमावेशक
381,42,Diversity and Inclusion,विविधता आणि समावेशन,Sexual Harassment in the Workplace: POSH Act,कामाच्या ठिकाणी लैंगिक छळ: POSH कायदा,26,"__________is a serious issue that affects an individual’s mental, emotional, physical wellbeing in the workplace.","_________ ही एक गंभीर समस्या आहे जी कामाच्या ठिकाणी व्यक्तीच्या मानसिक, भावनिक, शारीरिक आरोग्यावर परिणाम करते.",Company rules,कंपनीचे नियम,Meeting with the manager,मॅनेजर सोबत मीटिंग,Sexual harassment,लैंगिक छळ,Travel leave,प्रवास रजा,C,Sexual harassment,लैंगिक छळ
382,42,Diversity and Inclusion,विविधता आणि समावेशन,Sexual Harassment in the Workplace: POSH Act,कामाच्या ठिकाणी लैंगिक छळ: POSH कायदा,27,"The Indian government passed the Sexual Harassment of Women at Workplace (Prevention, Prohibition and Redressal) Act in 2013. In simpler terms, it is also called _______.","भारत सरकारने 2013 मध्ये कामाच्या ठिकाणी महिलांचा लैंगिक छळ (प्रतिबंध, प्रतिबंध आणि निवारण) कायदा पास केला. सोप्या भाषेत, त्याला _______ असेही म्हणतात.",SOS,SOS,SHWW,SHWW,PPR,पीपीआर,POSH,पॉश,D,POSH,पॉश
383,42,Diversity and Inclusion,विविधता आणि समावेशन,Sexual Harassment in the Workplace: POSH Act,कामाच्या ठिकाणी लैंगिक छळ: POSH कायदा,28,"As per the POSH Act, any workplace that has 10 or more employees must constitute an _______.","POSH कायद्यानुसार, 10 किंवा त्याहून अधिक कर्मचारी असलेल्या कोणत्याही कामाच्या ठिकाणी _______ असणे आवश्यक आहे.",Internal Committee (IC).,अंतर्गत समिती (IC).,Employees,कर्मचारी,Police Station,पोलीस स्टेशन,Help desk,मदत डेस्क,A,Internal Committee (IC).,अंतर्गत समिती (IC).
384,42,Diversity and Inclusion,विविधता आणि समावेशन,Sexual Harassment in the Workplace: POSH Act,कामाच्या ठिकाणी लैंगिक छळ: POSH कायदा,29,"Sarah notices a colleague, John, making unwelcome jokes about someone’s clothes at the office party. What should Sarah do according to the POSH Act?","सारा एक सहकारी जॉन, ऑफिस पार्टीमध्ये एखाद्याच्या कपड्यांबद्दल अनिष्ट विनोद करत असल्याचे लक्षात आले. पॉश कायद्यानुसार साराने काय करावे?","Ignore it, John might be joking","त्याकडे दुर्लक्ष करा, जॉन कदाचित विनोद करत असेल",Tell John directly to stop,जॉनला थेट थांबायला सांगा,Report the incident to Internal Committee (IC),अंतर्गत समितीला (IC) घटनेचा अहवाल द्या,Make a sarcastic comment back at John,जॉनवर परत एक व्यंग्यात्मक टिप्पणी करा,C,Report the incident to Internal Committee (IC),अंतर्गत समितीला (IC) घटनेचा अहवाल द्या
385,42,Diversity and Inclusion,विविधता आणि समावेशन,Sexual Harassment in the Workplace: POSH Act,कामाच्या ठिकाणी लैंगिक छळ: POSH कायदा,30,Prachi goes to a Government ITI in the morning and then comes to office in a company cab to attend an online meeting with an employer. Which of the following are considered as a workplace?,प्राची सकाळी सरकारी आयटीआयमध्ये जाते आणि नंतर कंपनीच्या कॅबमधून एका नियोक्त्यासोबत ऑनलाइन मीटिंगमध्ये सहभागी होण्यासाठी कार्यालयात येते. खालीलपैकी कोणते कार्यस्थान मानले जाते?,Office space,ऑफिस स्पेस,Government ITI,सरकारी आय.टी.आय,Online meeting,ऑनलाइन बैठक,All of these,वरील सर्व,D,All of these,वरील सर्व
386,43,Entrepreneurship,उद्योजकता (Entrepreneurship),Introduction to Entrepreneurship,उद्योजकतेचा परिचय,1,Entrepreneurship means _______.,उद्योजकता म्हणजे _______.,Starting a new career,नवीन करिअरची सुरुवात,Managing career,कारकीर्द व्यवस्थापित करणे,Running your own business,स्वतःचा व्यवसाय चालवत आहे,Supporting a business person,व्यावसायिक व्यक्तीला आधार देणे,C,Running your own business,स्वतःचा व्यवसाय चालवत आहे
387,43,Entrepreneurship,उद्योजकता (Entrepreneurship),Introduction to Entrepreneurship,उद्योजकतेचा परिचय,2,What are the duties of an entrepreneur?,उद्योजकाची कर्तव्ये काय आहेत?,Talking to customers,ग्राहकांशी बोलत आहे,Managing finances and budgets,वित्त आणि बजेट व्यवस्थापित करणे,Managing the business,व्यवसायाचे व्यवस्थापन,All of these,वरील सर्व,D,All of these,वरील सर्व
388,43,Entrepreneurship,उद्योजकता (Entrepreneurship),Introduction to Entrepreneurship,उद्योजकतेचा परिचय,3,Which of the following is the BEST definition of profit?,नफ्याची सर्वोत्तम व्याख्या खालीलपैकी कोणती आहे?,The total amount of money a business makes from selling goods or services.,वस्तू किंवा सेवा विकून व्यवसायाने कमावलेली एकूण रक्कम.,The money a business owner spends on personal expenses.,व्यवसाय मालक वैयक्तिक खर्चासाठी खर्च करतो.,"The revenue or earnings which remain with the business owner, after all the costs are paid.",सर्व खर्च भरल्यानंतर व्यवसाय मालकाकडे राहणारा महसूल किंवा कमाई.,The total amount of money a business earns before paying taxes.,कर भरण्यापूर्वी व्यवसायाने कमावलेली एकूण रक्कम.,C,"The revenue or earnings which remain with the business owner, after all the costs are paid.",सर्व खर्च भरल्यानंतर व्यवसाय मालकाकडे राहणारा महसूल किंवा कमाई.
389,43,Entrepreneurship,उद्योजकता (Entrepreneurship),Introduction to Entrepreneurship,उद्योजकतेचा परिचय,4,Pratibha wants to start a Biriyani Hotel. What will she need first?,प्रतिभाला बिर्याणी हॉटेल सुरू करायचे आहे. तिला प्रथम काय लागेल?,Business plan,व्यवसाय योजना,Name Board,नाव बोर्ड,Food Items,खाद्यपदार्थ,Kitchen Equipments,स्वयंपाकघर उपकरणे,A,Business plan,व्यवसाय योजना
390,43,Entrepreneurship,उद्योजकता (Entrepreneurship),Introduction to Entrepreneurship,उद्योजकतेचा परिचय,5,Shaheen wants good chefs to work in her hotel. What is an effective way to hire them?,शाहीनला तिच्या हॉटेलमध्ये काम करण्यासाठी चांगले शेफ हवे आहेत. त्यांना नियुक्त करण्याचा एक प्रभावी मार्ग कोणता आहे?,By reaching out other hotel staffs,हॉटेलच्या इतर कर्मचाऱ्यांपर्यंत पोहोचून,By advertising the job,नोकरीची जाहिरात करून,By asking his relatives,त्याच्या नातेवाईकांना विचारून,None of these,यापैकी काहीही नाही,B,By advertising the job,नोकरीची जाहिरात करून
391,43,Entrepreneurship,उद्योजकता (Entrepreneurship),Entrepreneurial Mindset,उद्योजकीय मानसिकता,6,What is the most important skill needed to be a successful entrepreneur?,यशस्वी उद्योजक होण्यासाठी सर्वात महत्त्वाचे कौशल्य कोणते आहे?,Earning money,पैसे कमावतात,Giving up on failure,अपयशाचा त्याग करणे,Having an Entrepreneuria l Mindset,उद्योजकता l मानसिकता असणे,Expanding markets,बाजारपेठांचा विस्तार करणे,C,Having an Entrepreneuria l Mindset,उद्योजकता l मानसिकता असणे
392,43,Entrepreneurship,उद्योजकता (Entrepreneurship),Entrepreneurial Mindset,उद्योजकीय मानसिकता,7,An Entrepreneur can help the society by___________ .,एक उद्योजक ___________ द्वारे समाजाला मदत करू शकतो.,Seeking new opportunities,नवीन संधी शोधतात,Marketing the product,उत्पादनाचे विपणन,Working with a team,टीमसोबत काम करत आहे,Creating job opportunities,नोकरीच्या संधी निर्माण करणे,D,Creating job opportunities,नोकरीच्या संधी निर्माण करणे
393,43,Entrepreneurship,उद्योजकता (Entrepreneurship),Entrepreneurial Mindset,उद्योजकीय मानसिकता,8,What are some of the qualities of a strong entrepreneur?,सशक्त उद्योजकाचे काही गुण कोणते आहेत?,Learning from failures,अपयशातून शिकणे,Building relationship with customers,ग्राहकांशी संबंध निर्माण करणे,Working hard,मेहनत करत आहे,All of these,वरील सर्व,D,All of these,वरील सर्व
394,43,Entrepreneurship,उद्योजकता (Entrepreneurship),Entrepreneurial Mindset,उद्योजकीय मानसिकता,9,"Pooja started a food court that was very successful with many customers. After a year, the number of customers decreased. What should Pooja do to solve this problem?",पूजाने फूड कोर्ट सुरू केले जे अनेक ग्राहकांसोबत खूप यशस्वी झाले. वर्षभरानंतर ग्राहकांची संख्या कमी झाली. ही समस्या सोडवण्यासाठी पूजाने काय करावे?,Change the Cooking Style,पाककला शैली बदला,Collect the Feedback from the Customers,ग्राहकांकडून फीडबॅक गोळा करा,Close the Food court,फूड कोर्ट बंद करा,Change her business,तिचा व्यवसाय बदला,B,Collect the Feedback from the Customers,ग्राहकांकडून फीडबॅक गोळा करा
395,43,Entrepreneurship,उद्योजकता (Entrepreneurship),Entrepreneurial Mindset,उद्योजकीय मानसिकता,10,Raju wants to start a Textile shop. What should he do first?,राजूला कापडाचे दुकान सुरू करायचे आहे. त्याने प्रथम काय करावे?,Rent a Shop,दुकान भाड्याने द्या,Purchase New Fabrics,नवीन फॅब्रिक्स खरेदी करा,Prepare a Business Plan,व्यवसाय योजना तयार करा,Hire Staff,कर्मचारी नियुक्त करा,C,Prepare a Business Plan,व्यवसाय योजना तयार करा
396,44,Entrepreneurship,उद्योजकता (Entrepreneurship),Difference between Self- Employment and Entrepreneurship,स्वयं-रोजगार आणि उद्योजकता यातील फरक,11,Self - Employment means _____.,स्वयं-रोजगार म्हणजे _____.,Working for an employer at a fixed monthly income,एका निश्चित मासिक उत्पन्नावर नियोक्त्यासाठी काम करणे,Freelancing or running a business rather than working for an employer,नियोक्त्यासाठी काम करण्याऐवजी फ्रीलान्सिंग किंवा व्यवसाय चालवणे,Selling food items,खाद्यपदार्थांची विक्री,Only focusing on earning profits,फक्त नफा मिळवण्यावर लक्ष केंद्रित केले,B,Freelancing or running a business rather than working for an employer,नियोक्त्यासाठी काम करण्याऐवजी फ्रीलान्सिंग किंवा व्यवसाय चालवणे
397,44,Entrepreneurship,उद्योजकता (Entrepreneurship),Difference between Self- Employment and Entrepreneurship,स्वयं-रोजगार आणि उद्योजकता यातील फरक,12,A person who hires other people for their business is an __________.,एखादी व्यक्ती जी इतर लोकांना त्यांच्या व्यवसायासाठी कामावर ठेवते ती _________ असते.,Self -Employed,स्वयंरोजगार,Employee,कर्मचारी,Entrepreneur,उद्योजक,Employer,नियोक्ता,C,Entrepreneur,उद्योजक
398,44,Entrepreneurship,उद्योजकता (Entrepreneurship),Difference between Self- Employment and Entrepreneurship,स्वयं-रोजगार आणि उद्योजकता यातील फरक,13,What are the qualities of an entrepreneur that a self-employed person also needs to have?,स्वयंरोजगार करणाऱ्या व्यक्तीमध्ये उद्योजकाचे कोणते गुण असणे आवश्यक आहे?,Creative Thinking,सर्जनशील विचार,Problem Solving,समस्या सोडवणे,Customer Service,ग्राहक सेवा (Customer Service),All of these,वरील सर्व,D,All of these,वरील सर्व
399,44,Entrepreneurship,उद्योजकता (Entrepreneurship),Difference between Self- Employment and Entrepreneurship,स्वयं-रोजगार आणि उद्योजकता यातील फरक,14,Vidya is single-handedly selling homemade pickles to her neighbors. Vidya is a/an___________.,विद्या एकट्याने तिच्या शेजाऱ्यांना घरी बनवलेले लोणचे विकते. विद्या ही एक ___________ आहे.,Seller,विक्रेता,Self-employed person,स्वयंरोजगार असलेली व्यक्ती,Entrepreneur,उद्योजक,Distributor,वितरक,B,Self-employed person,स्वयंरोजगार असलेली व्यक्ती
400,44,Entrepreneurship,उद्योजकता (Entrepreneurship),Difference between Self- Employment and Entrepreneurship,स्वयं-रोजगार आणि उद्योजकता यातील फरक,15,"Pawan operates a small AC service business with three employees, offering AC installation and repair. Over the next five years, he plans to expand the business to another city. Pawan is a / an___.","पवन तीन कर्मचाऱ्यांसह एक छोटा एसी सेवा व्यवसाय चालवतो, एसी बसवणे आणि दुरुस्तीची सुविधा देतो. पुढील पाच वर्षात हा व्यवसाय दुसऱ्या शहरात वाढवण्याचा त्यांचा विचार आहे. पवन a/an___ आहे.",Entrepreneur,उद्योजक,Contractor,कंत्राटदार,Intern,इंटर्न,Self-employed person,स्वयंरोजगार असलेली व्यक्ती,A,Entrepreneur,उद्योजक
401,44,Entrepreneurship,उद्योजकता (Entrepreneurship),Market Scan: Exploring the Market,मार्केट स्कॅन: मार्केट एक्सप्लोर करणे,16,How does Market Scan help with running a business?,मार्केट स्कॅन व्यवसाय चालविण्यात कशी मदत करते?,Gives an idea about the customers,ग्राहकांची कल्पना देतो,Helps understand about other similar business,इतर समान व्यवसायांबद्दल समजण्यास मदत करते,Helps in making the business plan,व्यवसाय योजना तयार करण्यात मदत करते,All of these,वरील सर्व,D,All of these,वरील सर्व
402,44,Entrepreneurship,उद्योजकता (Entrepreneurship),Market Scan: Exploring the Market,मार्केट स्कॅन: मार्केट एक्सप्लोर करणे,17,You want to sell toys. What should you do before starting your business?,तुम्हाला खेळणी विकायची आहेत. तुमचा व्यवसाय सुरू करण्यापूर्वी तुम्ही काय करावे?,Design the toys,खेळणी डिझाइन करा,Find out what children like,मुलांना काय आवडते ते शोधा,Build a factory,कारखाना बांधा,Hire salespeople,विक्रेते भाड्याने घ्या,B,Find out what children like,मुलांना काय आवडते ते शोधा
403,44,Entrepreneurship,उद्योजकता (Entrepreneurship),Market Scan: Exploring the Market,मार्केट स्कॅन: मार्केट एक्सप्लोर करणे,18,Why is a market scan conducted?,मार्केट स्कॅन का केले जाते?,To understand customer needs,ग्राहकांच्या गरजा समजून घेण्यासाठी,To explore how to grow the business,व्यवसाय कसा वाढवायचा हे शोधण्यासाठी,To check what the competitors are offering,स्पर्धक काय ऑफर करत आहेत हे तपासण्यासाठी,All of these,वरील सर्व,D,All of these,वरील सर्व
404,44,Entrepreneurship,उद्योजकता (Entrepreneurship),Market Scan: Exploring the Market,मार्केट स्कॅन: मार्केट एक्सप्लोर करणे,19,Geetha wants to start a tailoring shop (boutique). Her trainer asked her to do a market scan. Geetha should do the market scan of _____________.,गीताला टेलरिंग शॉप (बुटीक) सुरू करायचे आहे. तिच्या ट्रेनरने तिला मार्केट स्कॅन करायला सांगितले. गीताने _____________ चे मार्केट स्कॅन करावे.,Restaurants,रेस्टॉरंट्स,Beauty Parlours,ब्युटी पार्लर,Tailoring shops,टेलरिंगची दुकाने,Packaging companies,पॅकेजिंग कंपन्या,C,Tailoring shops,टेलरिंगची दुकाने
405,44,Entrepreneurship,उद्योजकता (Entrepreneurship),Market Scan: Exploring the Market,मार्केट स्कॅन: मार्केट एक्सप्लोर करणे,20,Lakshmi plans to start a beauty parlour. What kind of information should she NOT collect in the Market Scan?,लक्ष्मीने ब्युटी पार्लर सुरू करण्याची योजना आखली आहे. मार्केट स्कॅनमध्ये तिने कोणत्या प्रकारची माहिती गोळा करू नये?,Information on clothes and shoes,कपडे आणि शूज बद्दल माहिती,Information on types of customers,ग्राहकांच्या प्रकारांबद्दल माहिती,Information on cost of materials for the beauty parlour,ब्युटी पार्लरसाठी साहित्याच्या किमतीची माहिती,Information on shop location and rent,दुकानाचे ठिकाण आणि भाड्याची माहिती,A,Information on clothes and shoes,कपडे आणि शूज बद्दल माहिती
406,45,Entrepreneurship,उद्योजकता (Entrepreneurship),Understanding Customer Needs,ग्राहकांच्या गरजा समजून घेणे,21,Customers' needs can be understood through ____________.,ग्राहकांच्या गरजा ____________ द्वारे समजल्या जाऊ शकतात.,Customer Survey,ग्राहक सर्वेक्षण,Selling,विक्री,Talking to our family,आमच्या कुटुंबाशी बोलतोय,Customer service,ग्राहक सेवा,A,Customer Survey,ग्राहक सर्वेक्षण
407,45,Entrepreneurship,उद्योजकता (Entrepreneurship),Understanding Customer Needs,ग्राहकांच्या गरजा समजून घेणे,22,An Entrepreneur needs to maintain good _______ with his customers.,एका उद्योजकाला त्याच्या ग्राहकांसोबत चांगले _______ राखणे आवश्यक आहे.,Communication,संवाद,Relationship,नातेसंबंध,Behavior,वागणूक,Friendship,मैत्री,B,Relationship,नातेसंबंध
408,45,Entrepreneurship,उद्योजकता (Entrepreneurship),Understanding Customer Needs,ग्राहकांच्या गरजा समजून घेणे,23,Why do customers like a product or service?,ग्राहकांना एखादे उत्पादन किंवा सेवा का आवडते?,Good Price,चांगली किंमत,Good Quality,चांगली गुणवत्ता,Feel of the product or service,उत्पादन किंवा सेवेची भावना,All of these,वरील सर्व,D,All of these,वरील सर्व
409,45,Entrepreneurship,उद्योजकता (Entrepreneurship),Understanding Customer Needs,ग्राहकांच्या गरजा समजून घेणे,24,Shilpa wants to start a soap-making company. What kind of questions should she NOT ask her customers?,शिल्पाला साबण बनवणारी कंपनी सुरू करायची आहे. तिने तिच्या ग्राहकांना कोणते प्रश्न विचारू नयेत?,Which types of soaps do you buy?,तुम्ही कोणत्या प्रकारचे साबण खरेदी करता?,Do you like to eat chats?,तुम्हाला चाट खायला आवडते का?,How much do you pay for soap?,तुम्ही साबणासाठी किती पैसे देता?,Do you use soap?,तुम्ही साबण वापरता का?,B,Do you like to eat chats?,तुम्हाला चाट खायला आवडते का?
410,45,Entrepreneurship,उद्योजकता (Entrepreneurship),Understanding Customer Needs,ग्राहकांच्या गरजा समजून घेणे,25,Roopa wants to start a new business. But she is not sure which product she should choose to start her business. What will be her basic research to finalize her product?,रूपाला नवीन व्यवसाय सुरू करायचा आहे. परंतु तिने आपला व्यवसाय सुरू करण्यासाठी कोणते उत्पादन निवडावे याची तिला खात्री नाही. तिचे उत्पादन अंतिम करण्यासाठी तिचे मूलभूत संशोधन काय असेल?,Loan from Banks,बँकांकडून कर्ज,Buying products from others,इतरांकडून उत्पादने खरेदी करणे,Search how to advertise the product,उत्पादनाची जाहिरात कशी करायची ते शोधा,Reserach on products & services that customers are currently using,ग्राहक सध्या वापरत असलेली उत्पादने आणि सेवांवर संशोधन करा,D,Reserach on products & services that customers are currently using,ग्राहक सध्या वापरत असलेली उत्पादने आणि सेवांवर संशोधन करा
411,45,Entrepreneurship,उद्योजकता (Entrepreneurship),Selecting a Type of Business: Product or Service,व्यवसायाचा प्रकार निवडणे: उत्पादन किंवा सेवा,26,"Product and service are two things that can be sold. Product is what can be seen, touched and used. Service is what we _______.","उत्पादन आणि सेवा या दोन गोष्टी विकल्या जाऊ शकतात. उत्पादन हे पाहिले, स्पर्श आणि वापरले जाऊ शकते. सेवा म्हणजे आपण _______.",Buy from vegetable shop,भाजी दुकानातून खरेदी करा,"Feel, Experience and Enjoy","अनुभवा, अनुभवा आणि आनंद घ्या",Pay with Gpay,Gpay सह पैसे द्या,Do not enjoy,आनंद घेऊ नका,B,"Feel, Experience and Enjoy","अनुभवा, अनुभवा आणि आनंद घ्या"
412,45,Entrepreneurship,उद्योजकता (Entrepreneurship),Selecting a Type of Business: Product or Service,व्यवसायाचा प्रकार निवडणे: उत्पादन किंवा सेवा,27,Product is an object that can be____________.,उत्पादन ही एक वस्तू आहे जी ____________ असू शकते.,Seen,पाहिले,Touched,स्पर्श केला,"Seen, Touched and Used","पाहिले, स्पर्श केले आणि वापरले",Used,वापरले,C,"Seen, Touched and Used","पाहिले, स्पर्श केले आणि वापरले"
413,45,Entrepreneurship,उद्योजकता (Entrepreneurship),Selecting a Type of Business: Product or Service,व्यवसायाचा प्रकार निवडणे: उत्पादन किंवा सेवा,28,Sharvan serves as a delivery agent delivering tomatoes from a farmer to a company that makes tomato sauce. What is Sharvan’s job?,शरवण हा डिलिव्हरी एजंट म्हणून शेतकऱ्याकडून टोमॅटो सॉस बनवणाऱ्या कंपनीला टोमॅटो पोहोचवतो. शर्वनचे काम काय आहे?,Seller,विक्रेता,Service Provider,सेवा प्रदाता,Buyer,खरेदीदार,Distributor,वितरक,B,Service Provider,सेवा प्रदाता
414,45,Entrepreneurship,उद्योजकता (Entrepreneurship),Selecting a Type of Business: Product or Service,व्यवसायाचा प्रकार निवडणे: उत्पादन किंवा सेवा,29,Select the example of a service from the options.,पर्यायांमधून सेवेचे उदाहरण निवडा.,Masala Dosa,मसाला डोसा,Mobile Repair,मोबाईल दुरुस्ती,Water Bottle,पाण्याची बाटली,Chicken Kebab,चिकन कबाब,B,Mobile Repair,मोबाईल दुरुस्ती
415,45,Entrepreneurship,उद्योजकता (Entrepreneurship),Selecting a Type of Business: Product or Service,व्यवसायाचा प्रकार निवडणे: उत्पादन किंवा सेवा,30,Select the example of a product from the options.,पर्यायांमधून उत्पादनाचे उदाहरण निवडा.,Home painting,होम पेंटिंग,Parlour service,पार्लर सेवा,Shirt,शर्ट,Bike repair,दुचाकी दुरुस्ती,C,Shirt,शर्ट
416,46,Entrepreneurship,उद्योजकता (Entrepreneurship),My Final Business Idea,माझी अंतिम व्यवसाय कल्पना,31,A business idea should ________________ .,व्यवसायाची कल्पना _______________ असावी.,Satisfy only my needs,फक्त माझ्या गरजा पूर्ण करा,Fulfill customer needs or solve their problems,ग्राहकांच्या गरजा पूर्ण करा किंवा त्यांच्या समस्या सोडवा,Save the world,जग वाचवा,None of these,यापैकी काहीही नाही,B,Fulfill customer needs or solve their problems,ग्राहकांच्या गरजा पूर्ण करा किंवा त्यांच्या समस्या सोडवा
417,46,Entrepreneurship,उद्योजकता (Entrepreneurship),My Final Business Idea,माझी अंतिम व्यवसाय कल्पना,32,A good business idea for a young or new entrepreneur should be sustainable. This means __________.,तरुण किंवा नवउद्योजकासाठी चांगली व्यवसाय कल्पना शाश्वत असावी. याचा अर्थ _________.,It is easy to use,हे वापरण्यास सोपे आहे,It has many details,त्यात अनेक तपशील आहेत,It has budget,त्यात बजेट आहे,It is planned for the present and future business growth,वर्तमान आणि भविष्यातील व्यवसाय वाढीसाठी हे नियोजित आहे,D,It is planned for the present and future business growth,वर्तमान आणि भविष्यातील व्यवसाय वाढीसाठी हे नियोजित आहे
418,46,Entrepreneurship,उद्योजकता (Entrepreneurship),My Final Business Idea,माझी अंतिम व्यवसाय कल्पना,33,A good business idea should be_________.,चांगली व्यवसाय कल्पना _________ असावी.,very common,अतिशय सामान्य,a short term plan,अल्पकालीन योजना,very expensive to start a business,व्यवसाय सुरू करणे खूप महाग आहे,"unique, sustainable & low on investment","अद्वितीय, टिकाऊ आणि कमी गुंतवणूक",D,"unique, sustainable & low on investment","अद्वितीय, टिकाऊ आणि कमी गुंतवणूक"
419,46,Entrepreneurship,उद्योजकता (Entrepreneurship),My Final Business Idea,माझी अंतिम व्यवसाय कल्पना,34,Low investment business plan means ________,कमी गुंतवणूक व्यवसाय योजना म्हणजे ________,The plan is a new idea,योजना ही एक नवीन कल्पना आहे,The plan needs a small amount to start a business,बिझनेस सुरू करण्यासाठी प्लॅनमध्ये थोडी रक्कम लागते,The plan should be simple,योजना सोपी असावी,The plan should start immediately,योजना तातडीने सुरू करावी,B,The plan needs a small amount to start a business,बिझनेस सुरू करण्यासाठी प्लॅनमध्ये थोडी रक्कम लागते
420,46,Entrepreneurship,उद्योजकता (Entrepreneurship),My Final Business Idea,माझी अंतिम व्यवसाय कल्पना,35,Unique Selling Proposition or USP of a business plan refers to _________.,युनिक सेलिंग प्रपोझिशन किंवा बिझनेस प्लॅनचा यूएसपी _________ चा संदर्भ देते.,A special budget for the business,व्यवसायासाठी विशेष बजेट,A new customer for the business,व्यवसायासाठी नवीन ग्राहक,A special or different idea for a business,व्यवसायासाठी एक विशेष किंवा वेगळी कल्पना,An old business is updated,जुना व्यवसाय अपडेट केला जातो,C,A special or different idea for a business,व्यवसायासाठी एक विशेष किंवा वेगळी कल्पना
421,47,Entrepreneurship,उद्योजकता (Entrepreneurship),Building your Business Plan,तुमची व्यवसाय योजना तयार करणे,36,A ______ is a document with complete strategy for the business.,______ हे व्यवसायासाठी संपूर्ण धोरण असलेले दस्तऐवज आहे.,Strategy Report,धोरण अहवाल,Action Plan,कृती योजना,Business plan,व्यवसाय योजना,Stakeholder Report,भागधारक अहवाल,C,Business plan,व्यवसाय योजना
422,47,Entrepreneurship,उद्योजकता (Entrepreneurship),Building your Business Plan,तुमची व्यवसाय योजना तयार करणे,37,_____ is not a part of a good business plan.,_____ हा चांगल्या व्यवसाय योजनेचा भाग नाही.,Weather Report,हवामान अहवाल,Marketing Strategy,विपणन धोरण,Customer Analysis,ग्राहक विश्लेषण,Budget,बजेट,A,Weather Report,हवामान अहवाल
423,47,Entrepreneurship,उद्योजकता (Entrepreneurship),Building your Business Plan,तुमची व्यवसाय योजना तयार करणे,38,______ is about the competition in the online or offline market.,______ हे ऑनलाइन किंवा ऑफलाइन मार्केटमधील स्पर्धेबद्दल आहे.,People Analysis,लोक विश्लेषण,Competitor Analysis,स्पर्धक विश्लेषण,Customer Analysis,ग्राहक विश्लेषण,Budget plan,बजेट योजना,B,Competitor Analysis,स्पर्धक विश्लेषण
424,47,Entrepreneurship,उद्योजकता (Entrepreneurship),Building your Business Plan,तुमची व्यवसाय योजना तयार करणे,39,How can we understand what customers want?,ग्राहकांना काय हवे आहे हे आम्ही कसे समजू शकतो?,By doing research on customer needs,ग्राहकांच्या गरजांवर संशोधन करून,By advertising the business,व्यवसायाची जाहिरात करून,Selling a new product,नवीन उत्पादन विकणे,By moving to a new business,नवीन व्यवसायात जावून,A,By doing research on customer needs,ग्राहकांच्या गरजांवर संशोधन करून
425,47,Entrepreneurship,उद्योजकता (Entrepreneurship),Building your Business Plan,तुमची व्यवसाय योजना तयार करणे,40,________ part of a business plan has details of money retated details of the whole business.,बिझनेस प्लॅनच्या ________ भागामध्ये संपूर्ण व्यवसायाचे पैसे परत केलेले तपशील असतात.,Product Details,उत्पादन तपशील,Customer Analysis,ग्राहक विश्लेषण,Business Succession Plan,व्यवसाय उत्तराधिकार योजना,Costing,खर्च होत आहे,D,Costing,खर्च होत आहे
426,47,Entrepreneurship,उद्योजकता (Entrepreneurship),Pitching for your Business,तुमच्या व्यवसायासाठी पिचिंग,41,A _______ is a short and effective presentation to describe the business.,व्यवसायाचे वर्णन करण्यासाठी _______ हे एक लहान आणि प्रभावी सादरीकरण आहे.,Customer Analysis,ग्राहक विश्लेषण,Communication,संवाद,Return on Investment,गुंतवणुकीवर परतावा,Business Pitch,व्यवसाय खेळपट्टी,D,Business Pitch,व्यवसाय खेळपट्टी
427,47,Entrepreneurship,उद्योजकता (Entrepreneurship),Pitching for your Business,तुमच्या व्यवसायासाठी पिचिंग,42,"A business pitch is presented to investors who helps us with _____, _____, and _____.","एक व्यवसाय खेळपट्टी गुंतवणूकदारांना सादर केली जाते जी आम्हाला _____, _____ आणि _____ सह मदत करतात.",Customer and Quality,ग्राहक आणि गुणवत्ता,"Money, Resources, and Mentoring Support","पैसा, संसाधने आणि मार्गदर्शन समर्थन",Plan and Marketing,योजना आणि विपणन,Profilt and Loss,नफा आणि तोटा,B,"Money, Resources, and Mentoring Support","पैसा, संसाधने आणि मार्गदर्शन समर्थन"
428,47,Entrepreneurship,उद्योजकता (Entrepreneurship),Pitching for your Business,तुमच्या व्यवसायासाठी पिचिंग,43,Who can support Entrepreneurs by providing business schemes and loans at low interest rates?,व्यावसायिक योजना आणि कमी व्याजदरात कर्ज देऊन उद्योजकांना कोण पाठिंबा देऊ शकेल?,Customers,ग्राहक,Startup Investors,स्टार्टअप गुंतवणूकदार,Banks,बँका,Friends,मित्रांनो,C,Banks,बँका
429,47,Entrepreneurship,उद्योजकता (Entrepreneurship),Pitching for your Business,तुमच्या व्यवसायासाठी पिचिंग,44,Shyna wants to start a masala powder business. She is presenting a business pitch to the bank manager. How long should her business picth be?,शायनाला मसाला पावडरचा व्यवसाय सुरू करायचा आहे. ती बँक मॅनेजरला बिझनेस पिच सादर करत आहे. तिचे व्यवसाय चित्र किती लांब असावे?,2 to 3 mins,2 ते 3 मि,10 mins,10 मि,15 mins,१५ मि,1 min,1 मि,A,2 to 3 mins,2 ते 3 मि
430,47,Entrepreneurship,उद्योजकता (Entrepreneurship),Pitching for your Business,तुमच्या व्यवसायासाठी पिचिंग,45,"In a business, the money involved in building a product is called________.","व्यवसायात, उत्पादन तयार करण्यात गुंतलेल्या पैशाला ________ म्हणतात.",Cost,खर्च,Profit,नफा,Price,किंमत,Discount,सवलत,A,Cost,खर्च
431,48,Entrepreneurship,उद्योजकता (Entrepreneurship),Basic Legal Functions needed for any Business,कोणत्याही व्यवसायासाठी आवश्यक मूलभूत कायदेशीर कार्ये,46,A small business run by a single person is called as ______.,एकट्याने चालवलेल्या छोट्या व्यवसायाला ______ म्हणतात.,Multinational Unit,बहुराष्ट्रीय युनिट,Partnership,भागीदारी,Sole Proprietorship,एकल मालकी,Private Limited,प्रायव्हेट लिमिटेड,C,Sole Proprietorship,एकल मालकी
432,48,Entrepreneurship,उद्योजकता (Entrepreneurship),Basic Legal Functions needed for any Business,कोणत्याही व्यवसायासाठी आवश्यक मूलभूत कायदेशीर कार्ये,47,Bindu has started a small auto repair shop. She is the only person managing the business. Which kind of business it is?,बिंदूने छोटे वाहन दुरुस्तीचे दुकान सुरू केले आहे. व्यवसाय सांभाळणारी ती एकमेव व्यक्ती आहे. तो कोणत्या प्रकारचा व्यवसाय आहे?,Partnership,भागीदारी,Private Limited,प्रायव्हेट लिमिटेड,Multinational Unit,बहुराष्ट्रीय युनिट,Sole Proprietorship,एकल मालकी,D,Sole Proprietorship,एकल मालकी
433,48,Entrepreneurship,उद्योजकता (Entrepreneurship),Basic Legal Functions needed for any Business,कोणत्याही व्यवसायासाठी आवश्यक मूलभूत कायदेशीर कार्ये,48,_____ is the ministry in the Govt. of India that forms and implements the rules and regulations for enterprises in India.,_____ हे सरकारमधील मंत्रालय आहे. भारताचे जे भारतातील उद्योगांसाठी नियम आणि नियम तयार करतात आणि त्यांची अंमलबजावणी करतात.,MSDE,MSDE,MSME,एमएसएमई,NIMI,निमी,DGT,डीजीटी,B,MSME,एमएसएमई
434,48,Entrepreneurship,उद्योजकता (Entrepreneurship),Basic Legal Functions needed for any Business,कोणत्याही व्यवसायासाठी आवश्यक मूलभूत कायदेशीर कार्ये,49,Which document is not required to complete UDYAM/MSME registration?,UDYAM/MSME नोंदणी पूर्ण करण्यासाठी कोणते दस्तऐवज आवश्यक नाही?,PAN Card,पॅन कार्ड,Aadhar Card,आधार कार्ड,Income Tax Return,आयकर परतावा,Blood Certificate,रक्त प्रमाणपत्र,D,Blood Certificate,रक्त प्रमाणपत्र
435,48,Entrepreneurship,उद्योजकता (Entrepreneurship),Basic Legal Functions needed for any Business,कोणत्याही व्यवसायासाठी आवश्यक मूलभूत कायदेशीर कार्ये,50,Rahim is filing tax for the first time for his business. Which of these elements are NOT needed for filing tax?,रहीम आपल्या व्यवसायासाठी प्रथमच कर भरत आहे. कर भरण्यासाठी यापैकी कोणते घटक आवश्यक नाहीत?,Birth Certificate,जन्माचा दाखला,PAN Card,पॅन कार्ड,Aadhar Card,आधार कार्ड,Income Tax Return,आयकर परतावा,D,Income Tax Return,आयकर परतावा
436,48,Entrepreneurship,उद्योजकता (Entrepreneurship),Marketing in the 21st Century,21 व्या शतकात विपणन,51,Price is an improtant part of marketing. Price means __________,किंमत मार्केटिंगचा एक महत्त्वाचा भाग आहे. किंमत म्हणजे _________,Marketing,मार्केटिंग,Rate of a product in rupees,रुपयांमध्ये उत्पादनाचा दर,Promotion,पदोन्नती,Raw Materials,कच्चा माल,B,Rate of a product in rupees,रुपयांमध्ये उत्पादनाचा दर
437,48,Entrepreneurship,उद्योजकता (Entrepreneurship),Marketing in the 21st Century,21 व्या शतकात विपणन,52,"Sahil is giving festival offers, free samples and price discounts at the opening of his business. This is called ______.","साहिल त्याच्या व्यवसायाच्या सुरुवातीच्या वेळी सणाच्या ऑफर, विनामूल्य नमुने आणि किमतीत सूट देत आहे. याला ______ म्हणतात.",Market scan,मार्केट स्कॅन,Packaging,पॅकेजिंग,Promotion,पदोन्नती,Selling,विक्री,C,Promotion,पदोन्नती
438,48,Entrepreneurship,उद्योजकता (Entrepreneurship),Marketing in the 21st Century,21 व्या शतकात विपणन,53,Marketing helps the customer to learn about,मार्केटिंग ग्राहकांना जाणून घेण्यास मदत करते,Price,किंमत,Availability,उपलब्धता,Special Discounts,विशेष सवलत,All of these,वरील सर्व,D,All of these,वरील सर्व
439,48,Entrepreneurship,उद्योजकता (Entrepreneurship),Marketing in the 21st Century,21 व्या शतकात विपणन,54,Which among the following is not a part of 7P’s of marketing.,खालीलपैकी कोणता मार्केटिंगच्या 7P चा भाग नाही.,Product,उत्पादन,Packaging,पॅकेजिंग,Price,किंमत,Pickles,लोणचे,D,Pickles,लोणचे
440,48,Entrepreneurship,उद्योजकता (Entrepreneurship),Marketing in the 21st Century,21 व्या शतकात विपणन,55,"Tom wants to start a shop for selling books, pens etc. Which is the best location to have his shop?","टॉमला पुस्तके, पेन इत्यादी विकण्यासाठी एक दुकान सुरू करायचे आहे. त्याचे दुकान ठेवण्यासाठी सर्वोत्तम स्थान कोणते आहे?",Near college and schools,कॉलेज आणि शाळा जवळ,Near the river,नदीजवळ,At his house,त्याच्या घरी,Near fish market,मासळी मार्केट जवळ,A,Near college and schools,कॉलेज आणि शाळा जवळ
441,49,Entrepreneurship,उद्योजकता (Entrepreneurship),Accounting for Business,व्यवसायासाठी लेखा,56,Total cost is equal to ?,एकूण खर्च समान आहे?,Variable Cost + Discount,परिवर्तनीय किंमत + सवलत,Investment + Fixed Cost,गुंतवणूक + निश्चित किंमत,Variable Cost + Fixed cost,परिवर्तनीय किंमत + निश्चित किंमत,Fixed Salary + ROI,निश्चित पगार + ROI,C,Variable Cost + Fixed cost,परिवर्तनीय किंमत + निश्चित किंमत
442,49,Entrepreneurship,उद्योजकता (Entrepreneurship),Accounting for Business,व्यवसायासाठी लेखा,57,_____ cost increases or decreases depending on how much we produce or sell.,आम्ही किती उत्पादन किंवा विक्री करतो यावर अवलंबून _____ किंमत वाढते किंवा कमी होते.,Variable,चल,Fixed,निश्चित,Total,एकूण,Maintenance,देखभाल,A,Variable,चल
443,49,Entrepreneurship,उद्योजकता (Entrepreneurship),Accounting for Business,व्यवसायासाठी लेखा,58,"Preeti is renting a kitchen to run a Paratha Shop, The rent of the kitchen is ____ cost?","प्रीती पराठ्याचे दुकान चालवण्यासाठी स्वयंपाकघर भाड्याने घेत आहे, किचनचे भाडे ____ खर्च आहे?",Variable,चल,Total,एकूण,Fixed,निश्चित,Admin,ॲडमिन,C,Fixed,निश्चित
444,49,Entrepreneurship,उद्योजकता (Entrepreneurship),Accounting for Business,व्यवसायासाठी लेखा,59,______ is the money we invest in producing a product or service.,______ हा पैसा आहे जो आपण एखादे उत्पादन किंवा सेवा तयार करण्यासाठी गुंतवतो.,Business revenue,व्यवसाय महसूल,Product Cost,उत्पादन खर्च,Product Price,उत्पादन किंमत,Business Pitch,व्यवसाय खेळपट्टी,B,Product Cost,उत्पादन खर्च
445,49,Entrepreneurship,उद्योजकता (Entrepreneurship),Accounting for Business,व्यवसायासाठी लेखा,60,Mani is a painter and he buys new brushes and tins for painting. What type of cost it is?,मणी एक चित्रकार आहे आणि तो पेंटिंगसाठी नवीन ब्रश आणि टिन खरेदी करतो. त्याची किंमत कोणत्या प्रकारची आहे?,Total Cost,एकूण खर्च,Fixed Cost,निश्चित किंमत,Variable Cost,परिवर्तनीय खर्च,Maintenance,देखभाल,B,Fixed Cost,निश्चित किंमत
446,49,Entrepreneurship,उद्योजकता (Entrepreneurship),Funding for Your Business,तुमच्या व्यवसायासाठी निधी,61,The word funding means ________.,निधी या शब्दाचा अर्थ ________ असा होतो.,Money for shopping,खरेदीसाठी पैसे,Saving and Spending,बचत आणि खर्च,Money to start a business,व्यवसाय सुरू करण्यासाठी पैसे,Bank account,बँक खाते,C,Money to start a business,व्यवसाय सुरू करण्यासाठी पैसे
447,49,Entrepreneurship,उद्योजकता (Entrepreneurship),Funding for Your Business,तुमच्या व्यवसायासाठी निधी,62,"A ______ is a new business, which later grows into a big company","______ हा एक नवीन व्यवसाय आहे, जो नंतर मोठ्या कंपनीत वाढतो",NSIC,NSIC,Parlours,पार्लर,Hotels,हॉटेल्स,Start Up,स्टार्ट अप,D,Start Up,स्टार्ट अप
448,49,Entrepreneurship,उद्योजकता (Entrepreneurship),Funding for Your Business,तुमच्या व्यवसायासाठी निधी,63,_____ supports entrepreneurs to get loans under several schemes in district level.,_____ जिल्हा स्तरावरील अनेक योजनांतर्गत कर्ज मिळविण्यासाठी उद्योजकांना मदत करते.,National small industries corporation (NSIC),राष्ट्रीय लघु उद्योग महामंडळ (NSIC),District Industry Centres (DIC),जिल्हा उद्योग केंद्रे (DIC),SIDO,SIDO,SSLC,SSLC,B,District Industry Centres (DIC),जिल्हा उद्योग केंद्रे (DIC)
449,49,Entrepreneurship,उद्योजकता (Entrepreneurship),Funding for Your Business,तुमच्या व्यवसायासाठी निधी,64,Prem wants to start a shop. He can apply for ____ loan to have benefits.,प्रेमला दुकान सुरू करायचे आहे. फायदे मिळण्यासाठी तो ____ कर्जासाठी अर्ज करू शकतो.,Home,घर,MUDRA,मुद्रा,Education,शिक्षण,Car,कार,B,MUDRA,मुद्रा
450,49,Entrepreneurship,उद्योजकता (Entrepreneurship),Funding for Your Business,तुमच्या व्यवसायासाठी निधी,65,Seema plans to open a hotel and has applied for a MUDRA Loan. What must she submit as part of her loan MUDRA loan application?,सीमाने हॉटेल उघडण्याची योजना आखली आहे आणि MUDRA कर्जासाठी अर्ज केला आहे. तिच्या कर्ज MUDRA कर्ज अर्जाचा भाग म्हणून तिने काय सबमिट केले पाहिजे?,Her resume,तिचा रेझ्युमे,A business plan,एक व्यवसाय योजना,Vacation plan,सुट्टीची योजना,An essay,एक निबंध,B,A business plan,एक व्यवसाय योजना
451,50,Entrepreneurship,उद्योजकता (Entrepreneurship),Business Stories: Learning from Successes and Failures,व्यवसाय कथा: यश आणि अपयशातून शिकणे,66,A product name that has been officially registered with the Trademark Registry of India is _____.,भारताच्या ट्रेडमार्क नोंदणीमध्ये अधिकृतपणे नोंदणीकृत उत्पादनाचे नाव _____ आहे.,Marked,चिन्हांकित,Trademark,ट्रेडमार्क,Approved,मंजूर,Token,टोकन,B,Trademark,ट्रेडमार्क
452,50,Entrepreneurship,उद्योजकता (Entrepreneurship),Business Stories: Learning from Successes and Failures,व्यवसाय कथा: यश आणि अपयशातून शिकणे,67,Entrepreneurs learn from their success as well as their _______.,उद्योजक त्यांच्या यशातून तसेच त्यांच्या _______ पासून शिकतात.,Failures,अपयश,Friends,मित्रांनो,Profit,नफा,Business Pitch,व्यवसाय खेळपट्टी,A,Failures,अपयश
453,50,Entrepreneurship,उद्योजकता (Entrepreneurship),Business Stories: Learning from Successes and Failures,व्यवसाय कथा: यश आणि अपयशातून शिकणे,68,The secret to growing your business is to choose the right _____ to support your growth,तुमचा व्यवसाय वाढवण्याचे रहस्य म्हणजे तुमच्या वाढीला समर्थन देण्यासाठी योग्य _____ निवडणे,Clothes,कपडे,Family,कुटुंब,Friends,मित्रांनो,Team,संघ,D,Team,संघ
454,50,Entrepreneurship,उद्योजकता (Entrepreneurship),Business Stories: Learning from Successes and Failures,व्यवसाय कथा: यश आणि अपयशातून शिकणे,69,Wahid wants to register his product under a trademark. What is the benefit of getting a trademark for your product?,वाहिदला त्याच्या उत्पादनाची ट्रेडमार्क अंतर्गत नोंदणी करायची आहे. तुमच्या उत्पादनासाठी ट्रेडमार्क मिळवण्याचा काय फायदा आहे?,He can sell it at higher rate,तो जास्त दराने विकू शकतो,No one else can use the same product name,No one else can use the same product name,He will get a lot of success,त्याला भरपूर यश मिळेल,He can take many loans and not repay,तो अनेक कर्ज घेऊ शकतो आणि परत करू शकत नाही,B,No one else can use the same product name,No one else can use the same product name
455,50,Entrepreneurship,उद्योजकता (Entrepreneurship),Business Stories: Learning from Successes and Failures,व्यवसाय कथा: यश आणि अपयशातून शिकणे,70,Joy started a homemade pickle business. He has not been able to get profit in the first 2 months. What should he do?,जॉयने घरगुती लोणच्याचा व्यवसाय सुरू केला. त्याला पहिल्या 2 महिन्यात नफा मिळू शकलेला नाही. त्याने काय करावे?,End his business,त्याचा व्यवसाय संपवा,Borrow money,पैसे उधार घ्या,Find reasons for his failure & learn from them,त्याच्या अपयशाची कारणे शोधा आणि त्यांच्याकडून शिका,Get angry,राग येतो,C,Find reasons for his failure & learn from them,त्याच्या अपयशाची कारणे शोधा आणि त्यांच्याकडून शिका
456,51,Career Development and Goal Setting,करिअर विकास आणि ध्येय निश्चिती,Introduction to the World of Work,कामाच्या जगाचा परिचय,1,An occupation undertaken for a long period and with opportunities for progress is called,दीर्घ कालावधीसाठी आणि प्रगतीच्या संधी असलेल्या व्यवसायाला म्हणतात,Job,नोकरी,Career,करिअर,Work,काम,Hobby,छंद,B,Career,करिअर
457,51,Career Development and Goal Setting,करिअर विकास आणि ध्येय निश्चिती,Introduction to the World of Work,कामाच्या जगाचा परिचय,2,Everything that we do outside work is ___.,आपण जे काही बाहेरचे काम करतो ते ___ आहे.,Personal life,वैयक्तिक जीवन,Professional life,व्यावसायिक जीवन,Tuition,शिकवणी,Dislikes,नापसंत,A,Personal life,वैयक्तिक जीवन
458,51,Career Development and Goal Setting,करिअर विकास आणि ध्येय निश्चिती,Introduction to the World of Work,कामाच्या जगाचा परिचय,3,Balance in _______ is important to have a healthy and happy life.,निरोगी आणि आनंदी जीवनासाठी _______ मध्ये संतुलन महत्वाचे आहे.,Career demand,करिअरची मागणी,Job satisfaction,नोकरीत समाधान,Work-life,काम-जीवन,Salary,पगार,C,Work-life,काम-जीवन
459,51,Career Development and Goal Setting,करिअर विकास आणि ध्येय निश्चिती,Introduction to the World of Work,कामाच्या जगाचा परिचय,4,Siddhu is planning to start his career. He should have ___.,सिद्धू त्याच्या करिअरची सुरुवात करण्याचा विचार करत आहे. त्याच्याकडे ___ असणे आवश्यक आहे.,Education,शिक्षण,Career plan,करिअर योजना,Resume,पुन्हा सुरू करा,All of these,वरील सर्व,D,All of these,वरील सर्व
460,51,Career Development and Goal Setting,करिअर विकास आणि ध्येय निश्चिती,Introduction to the World of Work,कामाच्या जगाचा परिचय,5,"Sarah is a teacher at a school for one year. After that, she becomes a trainer for new teachers and then a principal. What does this job progression show?","सारा एका शाळेत एक वर्ष शिक्षिका आहे. त्यानंतर, ती नवीन शिक्षकांसाठी प्रशिक्षक आणि नंतर प्राचार्य बनते. ही नोकरीची प्रगती काय दर्शवते?",Sarah’s job,साराची नोकरी,Sarah’s hobby,साराचा छंद,Sarah’s career,साराची कारकीर्द,Sarah’s education,साराचे शिक्षण,C,Sarah’s career,साराची कारकीर्द
461,51,Career Development and Goal Setting,करिअर विकास आणि ध्येय निश्चिती,My Interests and Abilities,माझी आवड आणि क्षमता,6,Activities that one is good at and can do well are called _____.,ज्या क्रियाकलापांमध्ये एखादी व्यक्ती चांगली असते आणि चांगले करू शकते त्यांना _____ म्हणतात.,Abilities,क्षमता,Interests,स्वारस्य,Passion,आवड,Sports,खेळ,A,Abilities,क्षमता
462,51,Career Development and Goal Setting,करिअर विकास आणि ध्येय निश्चिती,My Interests and Abilities,माझी आवड आणि क्षमता,7,Things that one loves to do are called ______.,ज्या गोष्टी करायला आवडतात त्यांना ______ म्हणतात.,Abilities,क्षमता,Job,नोकरी,Interests,स्वारस्य,Work,काम,C,Interests,स्वारस्य
463,51,Career Development and Goal Setting,करिअर विकास आणि ध्येय निश्चिती,My Interests and Abilities,माझी आवड आणि क्षमता,8,We should choose our career based on our _______.,आपण आपल्या _______च्या आधारावर आपले करिअर निवडले पाहिजे.,Disadvantages,तोटे,Strengths,ताकद,Weakness,अशक्तपणा,Workplace,कामाची जागा,B,Strengths,ताकद
464,51,Career Development and Goal Setting,करिअर विकास आणि ध्येय निश्चिती,My Interests and Abilities,माझी आवड आणि क्षमता,9,Nisha loves cooking and she is good at dancing. Her ability is _____.,निशाला कुकिंगची आवड आहे आणि ती नृत्यात चांगली आहे. तिची क्षमता _____ आहे.,Cooking,स्वयंपाक,Dancing,नाचत,Painting,चित्रकला,Singing,गाणे,B,Dancing,नाचत
465,51,Career Development and Goal Setting,करिअर विकास आणि ध्येय निश्चिती,My Interests and Abilities,माझी आवड आणि क्षमता,10,Jack is very good at MS Excel. He must apply for a job based on his ______.,जॅक एमएस एक्सेलमध्ये खूप चांगला आहे. त्याने त्याच्या ______ च्या आधारावर नोकरीसाठी अर्ज करणे आवश्यक आहे.,Interests,स्वारस्य,Abilities,क्षमता,Decision,निर्णय,Mood,मूड,B,Abilities,क्षमता
466,52,Career Development and Goal Setting,करिअर विकास आणि ध्येय निश्चिती,Building My Career Pathway,माझ्या करिअरचा मार्ग तयार करणे,11,A ____ path is a series of jobs to help you progress towards your goals.,____ मार्ग म्हणजे तुम्हाला तुमच्या उद्दिष्टांच्या दिशेने प्रगती करण्यात मदत करण्यासाठी नोकऱ्यांची मालिका.,Career,करिअर,Foot,फूट,Unsatisfying,असमाधानकारक,Work,काम,A,Career,करिअर
467,52,Career Development and Goal Setting,करिअर विकास आणि ध्येय निश्चिती,Building My Career Pathway,माझ्या करिअरचा मार्ग तयार करणे,12,One must choose the career path based on the changing_________.,बदलत्या _________ च्या आधारावर करिअरचा मार्ग निवडला पाहिजे.,Interests,स्वारस्य,Abilities,क्षमता,Cities,शहरे,Market demands,बाजाराची मागणी,D,Market demands,बाजाराची मागणी
468,52,Career Development and Goal Setting,करिअर विकास आणि ध्येय निश्चिती,Building My Career Pathway,माझ्या करिअरचा मार्ग तयार करणे,13,How can creating career pathway posters help you plan your career?,करिअर पाथवे पोस्टर तयार केल्याने तुम्हाला तुमच्या करिअरची योजना कशी मदत होते?,By teaching unrelated skills,असंबंधित कौशल्ये शिकवून,By ignoring market demands,बाजाराच्या मागणीकडे दुर्लक्ष करून,By providing clarity on your future goals,तुमच्या भविष्यातील उद्दिष्टांची स्पष्टता देऊन,By limiting your career growth,आपल्या करिअर वाढ मर्यादित करून,C,By providing clarity on your future goals,तुमच्या भविष्यातील उद्दिष्टांची स्पष्टता देऊन
469,52,Career Development and Goal Setting,करिअर विकास आणि ध्येय निश्चिती,Building My Career Pathway,माझ्या करिअरचा मार्ग तयार करणे,14,Suraj has finished his ITI course. He can create a career path that helps him progress towards his _____and _______.,सूरजने आयटीआयचा अभ्यासक्रम पूर्ण केला आहे. तो एक करिअर मार्ग तयार करू शकतो जो त्याला त्याच्या _____ आणि ______ कडे प्रगती करण्यास मदत करतो.,Cooking and painting,पाककला आणि चित्रकला,Goals and Objectives,ध्येय आणि उद्दिष्टे,Strengths and weakness,सामर्थ्य आणि कमजोरी,Singing and dancing,गाणे आणि नृत्य,B,Goals and Objectives,ध्येय आणि उद्दिष्टे
470,52,Career Development and Goal Setting,करिअर विकास आणि ध्येय निश्चिती,Building My Career Pathway,माझ्या करिअरचा मार्ग तयार करणे,15,Prem has completed his fashion design course. Which of the following he must consider when choosing a career path?,प्रेमने फॅशन डिझाईनचा कोर्स पूर्ण केला आहे. करिअरचा मार्ग निवडताना त्याने खालीलपैकी कोणता विचार केला पाहिजे?,Demands,मागण्या,Trends,ट्रेंड,Ability,क्षमता,All of these,वरील सर्व,D,All of these,वरील सर्व
471,52,Career Development and Goal Setting,करिअर विकास आणि ध्येय निश्चिती,Job Market Research,जॉब मार्केट रिसर्च,16,What does a market scan help us do?,मार्केट स्कॅन आम्हाला काय मदत करते?,Learn new hobbies,नवीन छंद शिका,Get better at sports,खेळात चांगले व्हा,Identify different career pathways,करिअरचे वेगवेगळे मार्ग ओळखा,None of these,यापैकी काहीही नाही,C,Identify different career pathways,करिअरचे वेगवेगळे मार्ग ओळखा
472,52,Career Development and Goal Setting,करिअर विकास आणि ध्येय निश्चिती,Job Market Research,जॉब मार्केट रिसर्च,17,Which is NOT a proper way to collect data about a career?,करिअरबद्दल डेटा गोळा करण्याचा योग्य मार्ग कोणता नाही?,Listening to gossips,गॉसिप्स ऐकत,Career magazines,करिअर मासिके,Career guidance agencies,करिअर मार्गदर्शन संस्था,News papers,वृत्तपत्रे,A,Listening to gossips,गॉसिप्स ऐकत
473,52,Career Development and Goal Setting,करिअर विकास आणि ध्येय निश्चिती,Job Market Research,जॉब मार्केट रिसर्च,18,What can be the source of information for a market scan?,मार्केट स्कॅनसाठी माहितीचा स्रोत काय असू शकतो?,Internet,इंटरनेट,Industry visits,उद्योग भेटी,Alumni,माजी विद्यार्थी,All of these,वरील सर्व,D,All of these,वरील सर्व
474,52,Career Development and Goal Setting,करिअर विकास आणि ध्येय निश्चिती,Job Market Research,जॉब मार्केट रिसर्च,19,Latha is planning to join a beauty salon. But she is not very sure about this profession. Who should she speak with to get a better understanding of the profession?,लता ब्युटी सलून जॉईन करण्याचा विचार करत आहे. पण तिला या व्यवसायाबद्दल फारशी खात्री नाही. व्यवसायाची चांगली समज मिळविण्यासाठी तिने कोणाशी बोलावे?,Professionals,व्यावसायिक,Parents,पालक,Classmates,वर्गमित्र,Strangers,अनोळखी,A,Professionals,व्यावसायिक
475,52,Career Development and Goal Setting,करिअर विकास आणि ध्येय निश्चिती,Job Market Research,जॉब मार्केट रिसर्च,20,"Raghu’s father had a typewriting press/shop. Now, he is replacing typewriters with________.","रघूच्या वडिलांचे टाइपरायटिंग प्रेस/शॉप होते. आता, तो टाइपरायटरची जागा ________ ने घेत आहे.",Phones,फोन,Computers,संगणक,TV,टीव्ही,Radio,रेडिओ,B,Computers,संगणक
476,53,Career Development and Goal Setting,करिअर विकास आणि ध्येय निश्चिती,Goal Setting for your Career,तुमच्या करिअरसाठी ध्येय सेटिंग,21,A ______ is something you really want in life. You plan and take the right actions to make it happen.,______ ही तुम्हाला जीवनात खरोखर हवी असलेली गोष्ट आहे. ते घडण्यासाठी तुम्ही योग्य कृती करा आणि योजना करा.,Dream,स्वप्न,Desire,इच्छा,Goal,ध्येय,None of these,यापैकी काहीही नाही,C,Goal,ध्येय
477,53,Career Development and Goal Setting,करिअर विकास आणि ध्येय निश्चिती,Goal Setting for your Career,तुमच्या करिअरसाठी ध्येय सेटिंग,22,The goal that someone plans to achieve within a year is called a________.,एखाद्या व्यक्तीने वर्षभरात जे ध्येय साध्य करण्याची योजना आखली आहे त्याला ________ म्हणतात.,Long term goal,दीर्घकालीन ध्येय,Steps,पायऱ्या,Milestone,मैलाचा दगड,Desire,इच्छा,C,Milestone,मैलाचा दगड
478,53,Career Development and Goal Setting,करिअर विकास आणि ध्येय निश्चिती,Goal Setting for your Career,तुमच्या करिअरसाठी ध्येय सेटिंग,23,SMART stands for ________.,SMART म्हणजे ________.,"Specific, Measurable, Achievable, Relevant, and Time-Bound.","विशिष्ट, मोजण्यायोग्य, साध्य करण्यायोग्य, संबंधित आणि कालबद्ध.","Specific, Measurable, Archive, Relevant, and Time-Bound.","विशिष्ट, मोजता येण्याजोगा, संग्रहण, संबंधित आणि कालबद्ध.","Specific, Measurable, Achievable, Relevant, and Trim","विशिष्ट, मोजण्यायोग्य, साध्य करण्यायोग्य, संबंधित आणि ट्रिम","Specific, Memorable, Achievable, Relevant, and Time-Bound.","विशिष्ट, संस्मरणीय, साध्य करण्यायोग्य, संबंधित आणि कालबद्ध.",A,"Specific, Measurable, Achievable, Relevant, and Time-Bound.","विशिष्ट, मोजण्यायोग्य, साध्य करण्यायोग्य, संबंधित आणि कालबद्ध."
479,53,Career Development and Goal Setting,करिअर विकास आणि ध्येय निश्चिती,Goal Setting for your Career,तुमच्या करिअरसाठी ध्येय सेटिंग,24,Nithya aims to achieve a score of 75% in her 10th- grade exams by the end of the academic year. This is a ________goal.,शैक्षणिक वर्षाच्या अखेरीस 10वीच्या परीक्षेत 75% गुण मिळवण्याचे नित्याचे ध्येय आहे. हे ________ ध्येय आहे.,SMART,स्मार्ट,STAR,तारा,Great,मस्त,Life-time,जीवनकाळ,A,SMART,स्मार्ट
480,53,Career Development and Goal Setting,करिअर विकास आणि ध्येय निश्चिती,Goal Setting for your Career,तुमच्या करिअरसाठी ध्येय सेटिंग,25,"Ramesh wanted to collect 50 stamps in 6 months. So, he started by collecting two stamps every week. This is a ______goal.","रमेशला 6 महिन्यात 50 स्टॅम्प जमा करायचे होते. म्हणून, त्याने दर आठवड्याला दोन स्टॅम्प गोळा करण्यास सुरुवात केली. हे ______ ध्येय आहे.",Short-term,अल्पकालीन,Life-time,जीवनकाळ,Long-term,दीर्घकालीन,Unrealistic,अवास्तव,A,Short-term,अल्पकालीन
481,54,Customer Service,ग्राहक सेवा (Customer Service),Customer Service and Relationship Building,ग्राहक सेवा आणि नातेसंबंध निर्माण,1,A person who buys a product is a _____.,एखादी व्यक्ती जी उत्पादन खरेदी करते ती _____ असते.,Student,विद्यार्थी,Customer,ग्राहक,Seller,विक्रेता,Servicer,सर्व्हिसर,B,Customer,ग्राहक
482,54,Customer Service,ग्राहक सेवा (Customer Service),Customer Service and Relationship Building,ग्राहक सेवा आणि नातेसंबंध निर्माण,2,"What is the service given to the customer before, during or after a purchase called?","खरेदी करण्यापूर्वी, दरम्यान किंवा नंतर ग्राहकाला काय सेवा म्हणतात?",Customer service,ग्राहक सेवा,Auto Service,ऑटो सेवा,Management Service,व्यवस्थापन सेवा,None of these,यापैकी काहीही नाही,A,Customer service,ग्राहक सेवा
483,54,Customer Service,ग्राहक सेवा (Customer Service),Customer Service and Relationship Building,ग्राहक सेवा आणि नातेसंबंध निर्माण,3,What does the growth of a business depend on?,व्यवसायाची वाढ कशावर अवलंबून असते?,How you talk to cusomers,तुम्ही ग्राहकांशी कसे बोलता,How you take feedback from customers,तुम्ही ग्राहकांकडून फीडबॅक कसा घेता,How you help customers,तुम्ही ग्राहकांना कशी मदत करता,All of these,वरील सर्व,D,All of these,वरील सर्व
484,54,Customer Service,ग्राहक सेवा (Customer Service),Customer Service and Relationship Building,ग्राहक सेवा आणि नातेसंबंध निर्माण,4,Harish has taken up his family business of ironing clothes. His customers are not happy with the service. What should Harish do to make his business better?,हरीशने कपड्यांना इस्त्री करण्याचा कौटुंबिक व्यवसाय केला आहे. त्याचे ग्राहक या सेवेवर खूश नाहीत. हरीशने त्याचा व्यवसाय चांगला करण्यासाठी काय करावे?,Increase the cost,खर्च वाढवा,Give better customer service,अधिक चांगली ग्राहक सेवा द्या,Stop the business,धंदा बंद करा,Change the business,व्यवसाय बदला,B,Give better customer service,अधिक चांगली ग्राहक सेवा द्या
485,54,Customer Service,ग्राहक सेवा (Customer Service),Customer Service and Relationship Building,ग्राहक सेवा आणि नातेसंबंध निर्माण,5,Pushpa and Kavya have opened a shop for baby clothes in Bangalore and Chennai. Bangalore outlet is gaining more popularity and profit? What might be the reason?,Pushpa and Kavya have opened a shop for baby clothes in Bangalore and Chennai. Bangalore outlet is gaining more popularity and profit? What might be the reason?,Good customer relationship in Bangalore shop,बंगलोर दुकानात चांगले ग्राहक संबंध,Chennai is very hot,चेन्नई खूप गरम आहे,There are more babies in Bangalore,बेंगळुरूमध्ये अधिक बाळे आहेत,No reasons,कारणे नाहीत,A,Good customer relationship in Bangalore shop,बंगलोर दुकानात चांगले ग्राहक संबंध
486,54,Customer Service,ग्राहक सेवा (Customer Service),Types of Customers,ग्राहकांचे प्रकार,6,A dissatisfied customer means ________.,असमाधानी ग्राहक म्हणजे ________.,Happy customer,आनंदी ग्राहक,Beautiful customer,सुंदर ग्राहक,Unhappy customer,नाखूष ग्राहक,Old customer,जुना ग्राहक,C,Unhappy customer,नाखूष ग्राहक
487,54,Customer Service,ग्राहक सेवा (Customer Service),Types of Customers,ग्राहकांचे प्रकार,7,A customer who buys a product for the first time is a____.,एक ग्राहक जो पहिल्यांदा उत्पादन खरेदी करतो तो ____ असतो.,Bargaining customer,बार्गेनिंग ग्राहक,Vendor,विक्रेता,New customer,नवीन ग्राहक,Researching customer,ग्राहक संशोधन,C,New customer,नवीन ग्राहक
488,54,Customer Service,ग्राहक सेवा (Customer Service),Types of Customers,ग्राहकांचे प्रकार,8,Loyal Customers are those who ________.,निष्ठावान ग्राहक ते आहेत जे ________.,Keep coming back to the same shop,परत त्याच दुकानात येत रहा,Hate the shop,दुकानाचा तिरस्कार,Buy a product/a service for the first time,प्रथमच उत्पादन/सेवा खरेदी करा,Ask for more discount,अधिक सवलतीसाठी विचारा,A,Keep coming back to the same shop,परत त्याच दुकानात येत रहा
489,54,Customer Service,ग्राहक सेवा (Customer Service),Types of Customers,ग्राहकांचे प्रकार,9,Ravi has a customer who bargains a lot. The customer wants to buy a dress that costs 500 rupees but only wants to pay 300 rupees. What should Ravi do?,रवीचा एक ग्राहक आहे जो खूप मोलमजुरी करतो. ग्राहकाला 500 रुपये किमतीचा ड्रेस घ्यायचा आहे पण त्याला फक्त 300 रुपये द्यायचे आहेत. रवीने काय करावे?,Tell the customer to go away,ग्राहकाला दूर जाण्यास सांगा,Give the dress for 300 rupees,300 रुपयांना ड्रेस द्या,Talk to the customer and sell the dress for 400 rupees,ग्राहकाशी बोला आणि 400 रुपयांना ड्रेस विकला,Do nothing,काहीही करू नका,C,Talk to the customer and sell the dress for 400 rupees,ग्राहकाशी बोला आणि 400 रुपयांना ड्रेस विकला
490,54,Customer Service,ग्राहक सेवा (Customer Service),Types of Customers,ग्राहकांचे प्रकार,10,"Meena sells milk packets. One day, she got a dissatisfied (unhappy) customer because the milk was spoilt. What should Meena NOT do now?","मीना दुधाची पाकिटे विकतात. एके दिवशी, तिला एक असंतुष्ट (नाखूष) ग्राहक मिळाला कारण दूध खराब झाले होते. मीनाने आता काय करू नये?",Say sorry to the customer,ग्राहकाला सॉरी म्हणा,Quickly give another packet of milk,पटकन दुधाचे दुसरे पॅकेट द्या,Make sure the customer is happy,ग्राहक आनंदी असल्याची खात्री करा,Get angry with the customer,ग्राहकाला राग येतो,D,Get angry with the customer,ग्राहकाला राग येतो
491,55,Customer Service,ग्राहक सेवा (Customer Service),Probing to Identify Customer Needs,ग्राहकांच्या गरजा ओळखण्यासाठी तपासणी,11,Probing for customer needs means ________.,ग्राहकांच्या गरजा तपासणे म्हणजे ________.,To celebrate with customers,ग्राहकांसोबत साजरी करण्यासाठी,Get angry with the customer,ग्राहकाला राग येतो,To ask customers what they need,ग्राहकांना त्यांना काय हवे आहे ते विचारण्यासाठी,To give discount,सवलत देण्यासाठी,C,To ask customers what they need,ग्राहकांना त्यांना काय हवे आहे ते विचारण्यासाठी
492,55,Customer Service,ग्राहक सेवा (Customer Service),Probing to Identify Customer Needs,ग्राहकांच्या गरजा ओळखण्यासाठी तपासणी,12,Caring for customers is key to growing your business. What does this mean?,तुमचा व्यवसाय वाढवण्यासाठी ग्राहकांची काळजी घेणे हे महत्त्वाचे आहे. याचा अर्थ काय?,Care for what customers want,ग्राहकांना काय हवे आहे याची काळजी घ्या,Care for customers when they are sick,ग्राहक आजारी असताना त्यांची काळजी घ्या,Care for customers at their home,ग्राहकांची त्यांच्या घरी काळजी घ्या,Care for keys,चाव्यांची काळजी घ्या,A,Care for what customers want,ग्राहकांना काय हवे आहे याची काळजी घ्या
493,55,Customer Service,ग्राहक सेवा (Customer Service),Probing to Identify Customer Needs,ग्राहकांच्या गरजा ओळखण्यासाठी तपासणी,13,___ is a way to understand the customer’s needs and emotions by asking questions.,___ हा प्रश्न विचारून ग्राहकाच्या गरजा आणि भावना समजून घेण्याचा एक मार्ग आहे.,Apologising,माफी मागतो,Probing,तपास करत आहे,Explaining,समजावत आहे,Assuming,गृहीत धरून,B,Probing,तपास करत आहे
494,55,Customer Service,ग्राहक सेवा (Customer Service),Probing to Identify Customer Needs,ग्राहकांच्या गरजा ओळखण्यासाठी तपासणी,14,Tapsi is at a clothes shop to buy a gift for her friend. She can't decide which clothes to pick. How can the salesperson help Tapsi?,तापसी तिच्या मैत्रिणीसाठी भेटवस्तू घेण्यासाठी कपड्याच्या दुकानात आहे. कोणते कपडे निवडायचे हे तिला ठरवता येत नाही. तापसीला विक्रेता कशी मदत करू शकेल?,By asking open questions,खुले प्रश्न विचारून,By asking probing questions,चौकशी करणारे प्रश्न विचारून,By asking closed questions,बंद प्रश्न विचारून,"By asking open, probing and closed questions","खुले, चौकशी आणि बंद प्रश्न विचारून",D,"By asking open, probing and closed questions","खुले, चौकशी आणि बंद प्रश्न विचारून"
495,55,Customer Service,ग्राहक सेवा (Customer Service),Probing to Identify Customer Needs,ग्राहकांच्या गरजा ओळखण्यासाठी तपासणी,15,Sudha buys vegetables from Karthik’s shop. She is happy with the quality and prices. She can help Karthik’s business improve by _____.,सुधा कार्तिकच्या दुकानातून भाजी विकत घेते. ती गुणवत्ता आणि किंमतींवर आनंदी आहे. ती _____ पर्यंत कार्तिकचा व्यवसाय सुधारण्यास मदत करू शकते.,Sharing good words about the shop,दुकानाबद्दल चांगले शब्द शेअर करणे,Watching the shop,दुकान बघत होतो,Hating Karthik,कार्तिकचा तिरस्कार,Buying vegetables from other shop,दुसऱ्या दुकानातून भाजीपाला खरेदी करतो,A,Sharing good words about the shop,दुकानाबद्दल चांगले शब्द शेअर करणे
496,55,Customer Service,ग्राहक सेवा (Customer Service),Simple Techniques for Communicating with Customers,ग्राहकांशी संवाद साधण्याचे सोपे तंत्र,16,Why is it important to use selling techniques?,विक्री तंत्र वापरणे महत्वाचे का आहे?,To look confident,आत्मविश्वासाने दिसण्यासाठी,To make friends with customers,ग्राहकांशी मैत्री करणे,To have fun,मजा करणे,To connect with customers & make sure they make a purchase,ग्राहकांशी कनेक्ट होण्यासाठी आणि त्यांनी खरेदी केल्याची खात्री करा,D,To connect with customers & make sure they make a purchase,ग्राहकांशी कनेक्ट होण्यासाठी आणि त्यांनी खरेदी केल्याची खात्री करा
497,55,Customer Service,ग्राहक सेवा (Customer Service),Simple Techniques for Communicating with Customers,ग्राहकांशी संवाद साधण्याचे सोपे तंत्र,17,_________is a sales technique that aims to market additional products to the customers.,_________ हे एक विक्री तंत्र आहे ज्याचे उद्दिष्ट ग्राहकांना अतिरिक्त उत्पादने बाजारात आणणे आहे.,Probing,तपास करत आहे,Cross selling,क्रॉस सेलिंग,FAB,FAB,Lying,खोटे बोलणे,B,Cross selling,क्रॉस सेलिंग
498,55,Customer Service,ग्राहक सेवा (Customer Service),Simple Techniques for Communicating with Customers,ग्राहकांशी संवाद साधण्याचे सोपे तंत्र,18,FAB means ____,FAB म्हणजे ____,"Features, Advantages, Benefits","वैशिष्ट्ये, फायदे, फायदे","Features, Advices, Benefits","वैशिष्ट्ये, सल्ला, फायदे","Five, Advertisements , Boards","पाच, जाहिराती, बोर्ड","Festival, Adventure, Behalf","उत्सव, साहस, वतीने",A,"Features, Advantages, Benefits","वैशिष्ट्ये, फायदे, फायदे"
499,55,Customer Service,ग्राहक सेवा (Customer Service),Simple Techniques for Communicating with Customers,ग्राहकांशी संवाद साधण्याचे सोपे तंत्र,19,Swati needs to sell a laptop. She can use the _________ technique to sell it.,स्वातीला लॅपटॉप विकायचा आहे. ती विकण्यासाठी _________ तंत्र वापरू शकते.,FAB,FAB,TAB,TAB,Cross selling,क्रॉस सेलिंग,Probing,तपास करत आहे,A,FAB,FAB
500,55,Customer Service,ग्राहक सेवा (Customer Service),Simple Techniques for Communicating with Customers,ग्राहकांशी संवाद साधण्याचे सोपे तंत्र,20,Smitha needs to sell a mobile phone. She is writing down the advantages and benefits of the different phones. She is writing a ____.,स्मिताला मोबाईल विकायचा आहे. वेगवेगळ्या फोनचे फायदे आणि फायदे ती लिहून ठेवत आहे. ती ____ लिहित आहे.,Financial statement,आर्थिक विवरण,Service statement,सेवा विधान,FAB statement,FAB विधान,Bill,बिल,C,FAB statement,FAB विधान
501,56,Customer Service,ग्राहक सेवा (Customer Service),Closing Sales and Customer Feedback,विक्री आणि ग्राहक अभिप्राय बंद करणे,21,Customers sharing their experience and opinion about a product is called _____.,उत्पादनाबद्दल त्यांचे अनुभव आणि मत शेअर करणारे ग्राहक यांना _____ म्हणतात.,Customer Support,ग्राहक समर्थन,Customer Feedback,ग्राहक अभिप्राय,Customer Probing,ग्राहक तपासणी,Customer ID,ग्राहक आयडी,B,Customer Feedback,ग्राहक अभिप्राय
502,56,Customer Service,ग्राहक सेवा (Customer Service),Closing Sales and Customer Feedback,विक्री आणि ग्राहक अभिप्राय बंद करणे,22,Closing sales technique is an essential skill for a _____.,विक्री तंत्र बंद करणे हे _____ साठी आवश्यक कौशल्य आहे.,Sales person,विक्री व्यक्ती,Child,मूल,Manager,व्यवस्थापक,Clerk,कारकून,A,Sales person,विक्री व्यक्ती
503,56,Customer Service,ग्राहक सेवा (Customer Service),Closing Sales and Customer Feedback,विक्री आणि ग्राहक अभिप्राय बंद करणे,23,"Now or never close, summary close and question close are 3 important _____.","आता किंवा कधीही बंद, सारांश बंद आणि प्रश्न बंद हे 3 महत्वाचे आहेत _____.",Opening techniques,उघडण्याचे तंत्र,Probing techniques,तपासण्याचे तंत्र,Closing Techniques,बंद करण्याचे तंत्र,Discount,सवलत,C,Closing Techniques,बंद करण्याचे तंत्र
504,56,Customer Service,ग्राहक सेवा (Customer Service),Closing Sales and Customer Feedback,विक्री आणि ग्राहक अभिप्राय बंद करणे,24,A hotel asked its customer’s to fill customer satisfaction survey. What are they trying to do?,एका हॉटेलने आपल्या ग्राहकांना ग्राहक समाधान सर्वेक्षण भरण्यास सांगितले. ते काय करू पाहत आहेत?,Sell more hotels,अधिक हॉटेल्स विक्री,Collect customer feedback,ग्राहकांचा अभिप्राय गोळा करा,Advertise their hotel,त्यांच्या हॉटेलची जाहिरात करा,Promote their hotel,त्यांच्या हॉटेलची जाहिरात करा,B,Collect customer feedback,ग्राहकांचा अभिप्राय गोळा करा
505,56,Customer Service,ग्राहक सेवा (Customer Service),Closing Sales and Customer Feedback,विक्री आणि ग्राहक अभिप्राय बंद करणे,25,Sales person tells the customer “the offer exists today only”. This sales technique is called __________.,"सेल्स पर्सन ग्राहकाला ""ऑफर फक्त आजच अस्तित्वात आहे"" असे सांगतो. या विक्री तंत्राला __________ म्हणतात.",Now or never close,आता किंवा कधीही बंद,Summary close,सारांश बंद,Question close,प्रश्न बंद,Opening technique,उघडण्याचे तंत्र,A,Now or never close,आता किंवा कधीही बंद
506,57,Getting Ready for Apprenticeship & Jobs,प्रशिक्षणार्थी (Apprenticeship) आणि नोकरीसाठी पूर्वतयारी,Positive Work Environment,सकारात्मक कामाचे वातावरण,1,Which of these is a bad practice in a workplace?,कामाच्या ठिकाणी यापैकी कोणती वाईट प्रथा आहे?,Open and honest communication,खुले आणि प्रामाणिक संवाद,Opportunity to grow in the company,कंपनीत वाढ होण्याची संधी,Good work- life balance,चांगले काम- जीवन संतुलन,No trust between co- workers,सहकाऱ्यांमध्ये विश्वास नाही,D,No trust between co- workers,सहकाऱ्यांमध्ये विश्वास नाही
507,57,Getting Ready for Apprenticeship & Jobs,प्रशिक्षणार्थी (Apprenticeship) आणि नोकरीसाठी पूर्वतयारी,Positive Work Environment,सकारात्मक कामाचे वातावरण,2,"Good, professional relationship with co-workers can give the feeling of __________.","सहकाऱ्यांसोबत चांगले, व्यावसायिक संबंध _________ ची भावना देऊ शकतात.",Job satisfaction,नोकरीत समाधान,Fear,भीती,Confusion,गोंधळ,Negative energy,नकारात्मक ऊर्जा,A,Job satisfaction,नोकरीत समाधान
508,57,Getting Ready for Apprenticeship & Jobs,प्रशिक्षणार्थी (Apprenticeship) आणि नोकरीसाठी पूर्वतयारी,Positive Work Environment,सकारात्मक कामाचे वातावरण,3,How can we save resources on our planet?,आपण आपल्या ग्रहावरील संसाधने कशी वाचवू शकतो?,Use less electricity,कमी वीज वापरा,Create less pollution,कमी प्रदूषण निर्माण करा,Use less plastic,कमी प्लास्टिक वापरा,All of these,वरील सर्व,D,All of these,वरील सर्व
509,57,Getting Ready for Apprenticeship & Jobs,प्रशिक्षणार्थी (Apprenticeship) आणि नोकरीसाठी पूर्वतयारी,Positive Work Environment,सकारात्मक कामाचे वातावरण,4,Ganesh greets his co-workers every day. He is trying to maintain ______ at work.,गणेश दररोज आपल्या सहकाऱ्यांना शुभेच्छा देतो. तो कामावर ______ राखण्याचा प्रयत्न करत आहे.,his authority,त्याचा अधिकार,good relationships,चांगले संबंध,frustration,निराशा,power,शक्ती,B,good relationships,चांगले संबंध
510,57,Getting Ready for Apprenticeship & Jobs,प्रशिक्षणार्थी (Apprenticeship) आणि नोकरीसाठी पूर्वतयारी,Positive Work Environment,सकारात्मक कामाचे वातावरण,5,Kim has a habit of switching off her desktop and PC when not in use. This helps to _______ energy at the workplace.,किमला तिचा डेस्कटॉप आणि पीसी वापरात नसताना बंद करण्याची सवय आहे. यामुळे कामाच्या ठिकाणी _______ ऊर्जा मिळण्यास मदत होते.,Spend,खर्च करा,Waste,कचरा,Conserve (Save),जतन करा (जतन करा),Practice,सराव करा,C,Conserve (Save),जतन करा (जतन करा)
511,57,Getting Ready for Apprenticeship & Jobs,प्रशिक्षणार्थी (Apprenticeship) आणि नोकरीसाठी पूर्वतयारी,Personal Grooming and Hygiene,वैयक्तिक ग्रूमिंग आणि स्वच्छता,6,____ is the process of taking steps to look neat and presentable.,_____ ही व्यवस्थित आणि सादर करण्यायोग्य दिसण्यासाठी पावले उचलण्याची प्रक्रिया आहे.,Grooming,ग्रूमिंग,Brooming,झाडू मारणे,Caring,काळजी घेणे,Uniform,एकसमान,A,Grooming,ग्रूमिंग
512,57,Getting Ready for Apprenticeship & Jobs,प्रशिक्षणार्थी (Apprenticeship) आणि नोकरीसाठी पूर्वतयारी,Personal Grooming and Hygiene,वैयक्तिक ग्रूमिंग आणि स्वच्छता,7,Why is personal grooming important?,वैयक्तिक ग्रूमिंग महत्वाचे का आहे?,It creates a positive first impression.,हे सकारात्मक प्रथम छाप निर्माण करते.,It helps you feel confident.,हे तुम्हाला आत्मविश्वास वाटण्यास मदत करते.,It shows self- discipline.,हे आत्म-शिस्त दर्शवते.,All of these,वरील सर्व,D,All of these,वरील सर्व
513,57,Getting Ready for Apprenticeship & Jobs,प्रशिक्षणार्थी (Apprenticeship) आणि नोकरीसाठी पूर्वतयारी,Personal Grooming and Hygiene,वैयक्तिक ग्रूमिंग आणि स्वच्छता,8,During an industrial visit or an interview we have to dress ____.,औद्योगिक भेटीदरम्यान किंवा मुलाखतीदरम्यान आम्हाला ____ कपडे घालावे लागतात.,formally,औपचारिकपणे,dirty,गलिच्छ,in pajamas,पायजामा मध्ये,casually,आकस्मिकपणे,A,formally,औपचारिकपणे
514,57,Getting Ready for Apprenticeship & Jobs,प्रशिक्षणार्थी (Apprenticeship) आणि नोकरीसाठी पूर्वतयारी,Personal Grooming and Hygiene,वैयक्तिक ग्रूमिंग आणि स्वच्छता,9,What happens If we do not maintain good personal hygiene (cleanliness)?,आपण चांगली वैयक्तिक स्वच्छता (स्वच्छता) राखली नाही तर काय होईल?,We become more popular.,आम्ही अधिक लोकप्रिय होतो.,We feel happier.,आम्हाला अधिक आनंद वाटतो.,We can get sick easily.,आपण सहजपणे आजारी पडू शकतो.,Our health improves.,आपले आरोग्य सुधारते.,C,We can get sick easily.,आपण सहजपणे आजारी पडू शकतो.
515,57,Getting Ready for Apprenticeship & Jobs,प्रशिक्षणार्थी (Apprenticeship) आणि नोकरीसाठी पूर्वतयारी,Personal Grooming and Hygiene,वैयक्तिक ग्रूमिंग आणि स्वच्छता,10,Shreyas is going for an interview. He has picked a shirt from the cupboard. He must _______ before wearing it.,श्रेयस मुलाखतीला जात आहे. त्याने कपाटातून शर्ट काढला आहे. तो परिधान करण्यापूर्वी त्याने _______ करणे आवश्यक आहे.,soak,भिजवणे,color,रंग,tear,फाडणे,iron,लोखंड,D,iron,लोखंड
516,58,Getting Ready for Apprenticeships & Jobs,प्रशिक्षणार्थी (Apprenticeship) आणि नोकरीसाठी पूर्वतयारी,Managing Stress in the Workplace,कामाच्या ठिकाणी तणावाचे व्यवस्थापन,11,"______ can be a physical, mental, or emotional reaction, that makes us feel worried.","______ ही शारीरिक, मानसिक किंवा भावनिक प्रतिक्रिया असू शकते, ज्यामुळे आपल्याला काळजी वाटते.",Stress,ताण,Food,अन्न,Job,नोकरी,Action,कृती,A,Stress,ताण
517,58,Getting Ready for Apprenticeships & Jobs,प्रशिक्षणार्थी (Apprenticeship) आणि नोकरीसाठी पूर्वतयारी,Managing Stress in the Workplace,कामाच्या ठिकाणी तणावाचे व्यवस्थापन,12,What kind of stress can lead to lifelong physical and mental health issues?,कोणत्या प्रकारच्या तणावामुळे आयुष्यभर शारीरिक आणि मानसिक आरोग्य समस्या उद्भवू शकतात?,Short-term,अल्पकालीन,Long-term,दीर्घकालीन,Mid-term,मध्यावधी,Good stress,चांगला ताण,B,Long-term,दीर्घकालीन
518,58,Getting Ready for Apprenticeships & Jobs,प्रशिक्षणार्थी (Apprenticeship) आणि नोकरीसाठी पूर्वतयारी,Managing Stress in the Workplace,कामाच्या ठिकाणी तणावाचे व्यवस्थापन,13,______ stress can make us feel excited and motivated.,______ तणावामुळे आपण उत्साही आणि प्रेरित होऊ शकतो.,Bad,वाईट,Good,चांगले,Short-term,अल्पकालीन,Long-term,दीर्घकालीन,B,Good,चांगले
519,58,Getting Ready for Apprenticeships & Jobs,प्रशिक्षणार्थी (Apprenticeship) आणि नोकरीसाठी पूर्वतयारी,Managing Stress in the Workplace,कामाच्या ठिकाणी तणावाचे व्यवस्थापन,14,Tom feels very tensed and scared. He is unable to concentrate before his exams. He is sweating. What kind of stress is this?,टॉमला खूप तणाव आणि भीती वाटते. तो त्याच्या परीक्षेपूर्वी लक्ष केंद्रित करू शकत नाही. त्याला घाम फुटला आहे. हा कसला ताण आहे?,Good,चांगले,Small,लहान,Bad,वाईट,Never,कधीच नाही,C,Bad,वाईट
520,58,Getting Ready for Apprenticeships & Jobs,प्रशिक्षणार्थी (Apprenticeship) आणि नोकरीसाठी पूर्वतयारी,Managing Stress in the Workplace,कामाच्या ठिकाणी तणावाचे व्यवस्थापन,15,Arjun focuses only on his work and does not get involved in workplace politics. He also makes sure he does not work after office-hours. He makes time for his family. What is he doing?,अर्जुन फक्त त्याच्या कामावर लक्ष केंद्रित करतो आणि कामाच्या ठिकाणी राजकारणात अडकत नाही. तो ऑफिसच्या वेळेनंतर काम करत नाही याचीही खात्री करतो. तो आपल्या कुटुंबासाठी वेळ काढतो. तो काय करतोय?,He is working a lot.,तो खूप काम करत आहे.,He is not working at all.,तो अजिबात काम करत नाही.,He is maintaining good work-life balance.,तो चांगले काम-जीवन संतुलन राखत आहे.,He is enjoying workplace politics.,तो कामाच्या ठिकाणी राजकारणाचा आनंद घेत आहे.,C,He is maintaining good work-life balance.,तो चांगले काम-जीवन संतुलन राखत आहे.
521,59,Getting Ready for Apprenticeships & Jobs,प्रशिक्षणार्थी (Apprenticeship) आणि नोकरीसाठी पूर्वतयारी,Building My Resume,माझा रेझ्युमे तयार करणे,16,A _____ is the first document an employer will look at when reviewing the job application.,नोकरीच्या अर्जाचे पुनरावलोकन करताना नियोक्ता _____ हा पहिला दस्तऐवज पाहतो.,Certificate,प्रमाणपत्र,Resume,पुन्हा सुरू करा,Ticket,तिकीट,Bank statement,बँक स्टेटमेंट,B,Resume,पुन्हा सुरू करा
522,59,Getting Ready for Apprenticeships & Jobs,प्रशिक्षणार्थी (Apprenticeship) आणि नोकरीसाठी पूर्वतयारी,Building My Resume,माझा रेझ्युमे तयार करणे,17,What are the key elements of a resume?,रेझ्युमेचे मुख्य घटक कोणते आहेत?,Personal information,वैयक्तिक माहिती,Career objective,करिअरचे उद्दिष्ट,Education,शिक्षण,All of these,वरील सर्व,D,All of these,वरील सर्व
523,59,Getting Ready for Apprenticeships & Jobs,प्रशिक्षणार्थी (Apprenticeship) आणि नोकरीसाठी पूर्वतयारी,Building My Resume,माझा रेझ्युमे तयार करणे,18,Which of the following is NOT a soft skill?,खालीलपैकी कोणते सॉफ्ट स्किल नाही?,Time Management,वेळ व्यवस्थापन,Communication Skill,संप्रेषण कौशल्य,Carpentry,सुतारकाम,Goal Setting,ध्येय सेटिंग,C,Carpentry,सुतारकाम
524,59,Getting Ready for Apprenticeships & Jobs,प्रशिक्षणार्थी (Apprenticeship) आणि नोकरीसाठी पूर्वतयारी,Building My Resume,माझा रेझ्युमे तयार करणे,19,Vimal wanted to update his resume. Which of the following he should NOT include in his resume?,विमलला त्याचा बायोडाटा अपडेट करायचा होता. खालीलपैकी कोणते त्याने त्याच्या रेझ्युमेमध्ये समाविष्ट करू नये?,Salary expectations,पगाराच्या अपेक्षा,Name,नाव,Qualification,पात्रता,Date of birth,जन्मतारीख,A,Salary expectations,पगाराच्या अपेक्षा
525,59,Getting Ready for Apprenticeships & Jobs,प्रशिक्षणार्थी (Apprenticeship) आणि नोकरीसाठी पूर्वतयारी,Building My Resume,माझा रेझ्युमे तयार करणे,20,Harry has knowledge of circuits and wiring. He can apply as a/an ________ in a company.,हॅरीला सर्किट आणि वायरिंगचे ज्ञान आहे. तो कंपनीत ________ म्हणून अर्ज करू शकतो.,Beautician,ब्युटीशियन,Plumber,प्लंबर,Fitter,फिटर,Electrician,इलेक्ट्रिशियन,D,Electrician,इलेक्ट्रिशियन
526,59,Getting Ready for Apprenticeships & Jobs,प्रशिक्षणार्थी (Apprenticeship) आणि नोकरीसाठी पूर्वतयारी,Preparing for an Interview,मुलाखतीची तयारी करत आहे,21,______ is the formal process of checking if the candidate is suitable for the job.,______ ही उमेदवार नोकरीसाठी योग्य आहे की नाही हे तपासण्याची औपचारिक प्रक्रिया आहे.,Interview,मुलाखत,Onboarding,ऑनबोर्डिंग,Training,प्रशिक्षण,Reading,वाचन,A,Interview,मुलाखत
527,59,Getting Ready for Apprenticeships & Jobs,प्रशिक्षणार्थी (Apprenticeship) आणि नोकरीसाठी पूर्वतयारी,Preparing for an Interview,मुलाखतीची तयारी करत आहे,22,Which of the following is NOT an interview skill?,खालीलपैकी कोणते मुलाखत कौशल्य नाही?,Clear communication,स्पष्ट संवाद,Painting,चित्रकला,Active listening,सक्रिय ऐकणे,Showing confidence,आत्मविश्वास दाखवत आहे,B,Painting,चित्रकला
528,59,Getting Ready for Apprenticeships & Jobs,प्रशिक्षणार्थी (Apprenticeship) आणि नोकरीसाठी पूर्वतयारी,Preparing for an Interview,मुलाखतीची तयारी करत आहे,23,Which of the following are good manners in an interview?,मुलाखतीत खालीलपैकी कोणते चांगले शिष्टाचार आहेत?,Not making eye contact,डोळा संपर्क करत नाही,Speaking too fast,खूप वेगवान बोलणे,Being on time,वेळेवर असणे,Getting irritated,चिडचिड होणे,C,Being on time,वेळेवर असणे
529,59,Getting Ready for Apprenticeships & Jobs,प्रशिक्षणार्थी (Apprenticeship) आणि नोकरीसाठी पूर्वतयारी,Preparing for an Interview,मुलाखतीची तयारी करत आहे,24,The interviewer asked Rahul to wait for a few days. What can Rahul do after few days?,मुलाखतकाराने राहुलला काही दिवस थांबायला सांगितले. राहुल काही दिवसांनी काय करू शकतात?,Follow up with the employer on phone call or email,फोन कॉल किंवा ईमेलवर नियोक्त्याचा पाठपुरावा करा,Give up his hope,त्याची आशा सोडून द्या,Never call,कधीही कॉल करू नका,Meet his friends,त्याच्या मित्रांना भेटा,A,Follow up with the employer on phone call or email,फोन कॉल किंवा ईमेलवर नियोक्त्याचा पाठपुरावा करा
530,59,Getting Ready for Apprenticeships & Jobs,प्रशिक्षणार्थी (Apprenticeship) आणि नोकरीसाठी पूर्वतयारी,Preparing for an Interview,मुलाखतीची तयारी करत आहे,25,Seema is attending an interview. What is she is supposed to carry for the interview?,सीमा एका मुलाखतीला हजर आहे. तिने मुलाखतीसाठी काय घेऊन जायचे आहे?,Resume,पुन्हा सुरू करा,Certificates,प्रमाणपत्रे,ID cards,ओळखपत्रे,All of these,वरील सर्व,D,All of these,वरील सर्व
531,60,Getting Ready for Apprenticeships & Jobs,प्रशिक्षणार्थी (Apprenticeship) आणि नोकरीसाठी पूर्वतयारी,Decoding Interview,डीकोडिंग मुलाखत,26,Which of the following will the interviewer expect from the candidates?,मुलाखतकार उमेदवारांकडून खालीलपैकी कोणती अपेक्षा करतील?,Good soft skills,चांगली सॉफ्ट स्किल्स,Cooking skills,स्वयंपाक कौशल्य,Singing skills,गाण्याचे कौशल्य,Painting skills,चित्रकला कौशल्य,A,Good soft skills,चांगली सॉफ्ट स्किल्स
532,60,Getting Ready for Apprenticeships & Jobs,प्रशिक्षणार्थी (Apprenticeship) आणि नोकरीसाठी पूर्वतयारी,Decoding Interview,डीकोडिंग मुलाखत,27,Which of the following should be avoided while facing an interview?,मुलाखतीला सामोरे जाताना खालीलपैकी कोणते टाळावे?,Use mobile,मोबाईल वापरा,Speaking,बोलणे,Listening,ऐकत आहे,Answering questions,Answering questions,A,Use mobile,मोबाईल वापरा
533,60,Getting Ready for Apprenticeships & Jobs,प्रशिक्षणार्थी (Apprenticeship) आणि नोकरीसाठी पूर्वतयारी,Decoding Interview,डीकोडिंग मुलाखत,28,The job interview is a discussion between ____ and _____for mutual benefit.,नोकरीची मुलाखत ही परस्पर फायद्यासाठी ____ आणि _____ यांच्यातील चर्चा आहे.,teacher and student,शिक्षक आणि विद्यार्थी,employee and employer,कर्मचारी आणि नियोक्ता,brother and sister,भाऊ आणि बहीण,friends and relatives,मित्र आणि नातेवाईक,B,employee and employer,कर्मचारी आणि नियोक्ता
534,60,Getting Ready for Apprenticeships & Jobs,प्रशिक्षणार्थी (Apprenticeship) आणि नोकरीसाठी पूर्वतयारी,Decoding Interview,डीकोडिंग मुलाखत,29,Nagma has an important job interview tomorrow. What should she do to prepare for her interview?,नगमाची उद्या महत्त्वाची नोकरीची मुलाखत आहे. तिच्या मुलाखतीची तयारी करण्यासाठी तिने काय करावे?,Arrive late to show she is busy,ती व्यस्त आहे हे दाखवण्यासाठी उशीरा पोहोचा,Wear casual clothes to feel comfortable,आरामदायक वाटण्यासाठी कॅज्युअल कपडे घाला,Talk only about her personal life,फक्त तिच्या वैयक्तिक आयुष्याबद्दल बोला,Research the company & prepare questions to ask,कंपनीचे संशोधन करा आणि विचारण्यासाठी प्रश्न तयार करा,D,Research the company & prepare questions to ask,कंपनीचे संशोधन करा आणि विचारण्यासाठी प्रश्न तयार करा
535,60,Getting Ready for Apprenticeships & Jobs,प्रशिक्षणार्थी (Apprenticeship) आणि नोकरीसाठी पूर्वतयारी,Decoding Interview,डीकोडिंग मुलाखत,30,Rita did not enjoy her work in her previous company. She is going for interview to another company. What should Rita NOT do?,रिटाला तिच्या आधीच्या कंपनीत कामाचा आनंद मिळत नव्हता. ती दुसऱ्या कंपनीत मुलाखतीसाठी जात आहे. रीटाने काय करू नये?,Talk badly about her previous company,तिच्या पूर्वीच्या कंपनीबद्दल वाईट बोला,Communciate clearly,स्पष्टपणे संवाद साधा,Take her resume,तिचा रेझ्युमे घ्या,Be on time for the interview,मुलाखतीसाठी वेळेवर या,A,Talk badly about her previous company,तिच्या पूर्वीच्या कंपनीबद्दल वाईट बोला
536,60,Getting Ready for Apprenticeships & Jobs,प्रशिक्षणार्थी (Apprenticeship) आणि नोकरीसाठी पूर्वतयारी,Mock Interview,मॉक इंटरव्ह्यू,31,A mock interview is a____ job interview.,मॉक इंटरव्ह्यू ही ____ नोकरीची मुलाखत असते.,fun,मजा,practice,सराव,virtual,आभासी,difficult,अवघड,B,practice,सराव
537,60,Getting Ready for Apprenticeships & Jobs,प्रशिक्षणार्थी (Apprenticeship) आणि नोकरीसाठी पूर्वतयारी,Mock Interview,मॉक इंटरव्ह्यू,32,The main purpose of mock interviews is to _______.,मॉक इंटरव्ह्यूचा मुख्य उद्देश _______ आहे.,give marks,गुण द्या,judge people,लोकांचा न्याय करा,give feedback,अभिप्राय द्या,waste time,वेळ वाया घालवणे,C,give feedback,अभिप्राय द्या
538,60,Getting Ready for Apprenticeships & Jobs,प्रशिक्षणार्थी (Apprenticeship) आणि नोकरीसाठी पूर्वतयारी,Mock Interview,मॉक इंटरव्ह्यू,33,Which of the following is an advantage of a mock interview?,खालीलपैकी कोणता मॉक इंटरव्ह्यूचा फायदा आहे?,Learning how to speak,कसे बोलायचे ते शिकत आहे,Learning how to dress,कपडे कसे घालायचे ते शिकत आहे,Using proper body language,योग्य देहबोली वापरणे,All of these,वरील सर्व,D,All of these,वरील सर्व
539,60,Getting Ready for Apprenticeships & Jobs,प्रशिक्षणार्थी (Apprenticeship) आणि नोकरीसाठी पूर्वतयारी,Mock Interview,मॉक इंटरव्ह्यू,34,Geetha wants to take a mock interview before attending the real one. Whom do you think she must choose as an interviewer?,खऱ्या कार्यक्रमात जाण्यापूर्वी गीताला मॉक इंटरव्ह्यू घ्यायचा आहे. तिने मुलाखतकार म्हणून कोणाची निवड केली पाहिजे असे तुम्हाला वाटते?,A stranger,एक अनोळखी,Her senior,तिचे वरिष्ठ,Her younger sister,तिची धाकटी बहीण,Shopkeeper,दुकानदार,B,Her senior,तिचे वरिष्ठ
540,60,Getting Ready for Apprenticeships & Jobs,प्रशिक्षणार्थी (Apprenticeship) आणि नोकरीसाठी पूर्वतयारी,Mock Interview,मॉक इंटरव्ह्यू,35,Keith recorded his interview as a video to understand his performance. This is also one of the methods to receive _______.,कीथने त्याची कामगिरी समजून घेण्यासाठी त्याची मुलाखत व्हिडिओ म्हणून रेकॉर्ड केली. ही देखील _______ प्राप्त करण्याच्या पद्धतींपैकी एक आहे.,feedback,अभिप्राय,wishes,इच्छा,compliments,प्रशंसा,Greetings,अभिवादन,A,feedback,अभिप्राय
541,61,Getting Ready for Apprenticeships & Jobs,प्रशिक्षणार्थी (Apprenticeship) आणि नोकरीसाठी पूर्वतयारी,Professional Networking,व्यावसायिक नेटवर्किंग,36,How can a professional network support your career growth?,व्यावसायिक नेटवर्क तुमच्या करिअरच्या वाढीला कसे समर्थन देऊ शकते?,By offering free travel discounts,मोफत प्रवास सवलत देऊन,By sharing knowledge and professional guidance,By sharing knowledge and professional guidance,By organizing social parties,सामाजिक पक्षांचे आयोजन करून,By giving financial loans,आर्थिक कर्ज देऊन,B,By sharing knowledge and professional guidance,By sharing knowledge and professional guidance
542,61,Getting Ready for Apprenticeships & Jobs,प्रशिक्षणार्थी (Apprenticeship) आणि नोकरीसाठी पूर्वतयारी,Professional Networking,व्यावसायिक नेटवर्किंग,37,Who can be in your professional network?,तुमच्या व्यावसायिक नेटवर्कमध्ये कोण असू शकते?,College professors,कॉलेजचे प्राध्यापक,Classmates,वर्गमित्र,Co-workers,सहकारी,All of these,वरील सर्व,D,All of these,वरील सर्व
543,61,Getting Ready for Apprenticeships & Jobs,प्रशिक्षणार्थी (Apprenticeship) आणि नोकरीसाठी पूर्वतयारी,Professional Networking,व्यावसायिक नेटवर्किंग,38,Where can you build a professional network?,आपण व्यावसायिक नेटवर्क कोठे तयार करू शकता?,Social events,सामाजिक कार्यक्रम,Current job,सध्याची नोकरी,Alumni clubs,माजी विद्यार्थी क्लब,All of these,वरील सर्व,D,All of these,वरील सर्व
544,61,Getting Ready for Apprenticeships & Jobs,प्रशिक्षणार्थी (Apprenticeship) आणि नोकरीसाठी पूर्वतयारी,Professional Networking,व्यावसायिक नेटवर्किंग,39,Rekha takes care of all water-pipe fittings in her company. Which professional network can she be a part of?,रेखा तिच्या कंपनीतील सर्व वॉटर-पाइप फिटिंगची काळजी घेते. ती कोणत्या व्यावसायिक नेटवर्कचा भाग असू शकते?,Plumbers,प्लंबर,Carpenters,सुतार,Tailors,शिंपी,Beauticians,ब्यूटीशियन,A,Plumbers,प्लंबर
545,61,Getting Ready for Apprenticeships & Jobs,प्रशिक्षणार्थी (Apprenticeship) आणि नोकरीसाठी पूर्वतयारी,Professional Networking,व्यावसायिक नेटवर्किंग,40,Saif’s college professor guided him to choose the right career path. He must show ____to his guide.,सैफच्या कॉलेजच्या प्राध्यापकांनी त्याला करिअरचा योग्य मार्ग निवडण्यासाठी मार्गदर्शन केले. त्याने त्याच्या मार्गदर्शकाला ____ दाखवावे.,Gratitude,कृतज्ञता,Anger,राग,Fear,भीती,Arrogance,उद्धटपणा,A,Gratitude,कृतज्ञता
546,61,Getting Ready for Apprenticeships & Jobs,प्रशिक्षणार्थी (Apprenticeship) आणि नोकरीसाठी पूर्वतयारी,Handling Rejection and Failure,नकार आणि अपयश हाताळणे,41,The lack of success in achieving a goal or completing a task is called _____.,ध्येय साध्य करण्यात किंवा कार्य पूर्ण करण्यात यश न मिळणे याला _____ म्हणतात.,Failure,अपयश,Success,यश,Boring,कंटाळवाणे,Satisfaction,समाधान,A,Failure,अपयश
547,61,Getting Ready for Apprenticeships & Jobs,प्रशिक्षणार्थी (Apprenticeship) आणि नोकरीसाठी पूर्वतयारी,Handling Rejection and Failure,नकार आणि अपयश हाताळणे,42,Something that is not accepted by someone is called _____.,एखादी गोष्ट जी कोणी स्वीकारत नाही त्याला _____ म्हणतात.,Acceptance,स्वीकृती,Rejection,नकार,Failure,अपयश,Success,यश,B,Rejection,नकार
548,61,Getting Ready for Apprenticeships & Jobs,प्रशिक्षणार्थी (Apprenticeship) आणि नोकरीसाठी पूर्वतयारी,Handling Rejection and Failure,नकार आणि अपयश हाताळणे,43,One needs to handle failure and rejection with a ______attitude.,एखाद्याला ______ वृत्तीने अपयश आणि नकार हाताळणे आवश्यक आहे.,Negative,नकारात्मक,Helpful,उपयुक्त,Positive,सकारात्मक,Rude,उद्धट,C,Positive,सकारात्मक
549,61,Getting Ready for Apprenticeships & Jobs,प्रशिक्षणार्थी (Apprenticeship) आणि नोकरीसाठी पूर्वतयारी,Handling Rejection and Failure,नकार आणि अपयश हाताळणे,44,Sundar’s hotel business was under heavy loss. He had to close business. How can he learn from failure and achieve success?,सुंदरचा हॉटेल व्यवसाय मोठ्या प्रमाणात तोट्यात होता. त्याला व्यवसाय बंद करावा लागला. तो अपयशातून शिकून यश कसे मिळवू शकतो?,Think about what happened in a systematic way,पद्धतशीरपणे काय झाले याचा विचार करा,Stay positive to learn from failure,अपयशातून शिकण्यासाठी सकारात्मक राहा,Don’t give-up and try again,हार मानू नका आणि पुन्हा प्रयत्न करा,All of these,वरील सर्व,D,All of these,वरील सर्व
550,61,Getting Ready for Apprenticeships & Jobs,प्रशिक्षणार्थी (Apprenticeship) आणि नोकरीसाठी पूर्वतयारी,Handling Rejection and Failure,नकार आणि अपयश हाताळणे,45,Sheela prepared for an interview for a week but got nervous and was rejected. What should she do to improve?,शीलाने एक आठवडा मुलाखतीची तयारी केली पण ती घाबरली आणि तिला नकार देण्यात आला. तिने सुधारण्यासाठी काय केले पाहिजे?,Keep thinking about her failure,तिच्या अपयशाचा विचार करत राहा,Do not lose focus from her goals,तिच्या ध्येयांवरून लक्ष गमावू नका,Avoid future interviews,भविष्यातील मुलाखती टाळा,Ignore feedback from the interview,मुलाखतीतील प्रतिक्रियांकडे दुर्लक्ष करा,B,Do not lose focus from her goals,तिच्या ध्येयांवरून लक्ष गमावू नका
551,62,Getting Ready for Apprenticeships & Jobs,प्रशिक्षणार्थी (Apprenticeship) आणि नोकरीसाठी पूर्वतयारी,Industry Visit 1 and 2,उद्योग भेट १ आणि २,46,________ helps in experiencing the real world of work.,________ कामाच्या वास्तविक जगाचा अनुभव घेण्यास मदत करते.,Interview,मुलाखत,Industry visit,उद्योग भेट,Mock interview,मॉक इंटरव्ह्यू,Failure,अपयश,B,Industry visit,उद्योग भेट
552,62,Getting Ready for Apprenticeships & Jobs,प्रशिक्षणार्थी (Apprenticeship) आणि नोकरीसाठी पूर्वतयारी,Industry Visit 1 and 2,उद्योग भेट १ आणि २,47,What is the advantage of an Industry visit?,उद्योग भेटीचा फायदा काय आहे?,Chance to talk to the family,घरच्यांशी बोलण्याची संधी मिळेल,Chance to talk to the friends,मित्रांशी बोलण्याची संधी मिळेल,Chance to talk to the experts,तज्ञांशी बोलण्याची संधी मिळेल,Chance to talk to the teachers,शिक्षकांशी बोलण्याची संधी मिळेल,C,Chance to talk to the experts,तज्ञांशी बोलण्याची संधी मिळेल
553,62,Getting Ready for Apprenticeships & Jobs,प्रशिक्षणार्थी (Apprenticeship) आणि नोकरीसाठी पूर्वतयारी,Industry Visit 1 and 2,उद्योग भेट १ आणि २,48,Raji is studying to be a Baker in a from an ITI. Which place is suitable for her to do industry visit?,Raji is studying to be a Baker in a from an ITI. तिला उद्योग भेटीसाठी कोणते ठिकाण योग्य आहे?,Bread factory,ब्रेड कारखाना,Paint factory,पेंट फॅक्टरी,Toy factory,खेळण्यांचा कारखाना,Chemical factory,रासायनिक कारखाना,A,Bread factory,ब्रेड कारखाना
554,62,Getting Ready for Apprenticeships & Jobs,प्रशिक्षणार्थी (Apprenticeship) आणि नोकरीसाठी पूर्वतयारी,Industry Visit 1 and 2,उद्योग भेट १ आणि २,49,During the industrial visit I will ___________ about the company/ industry that I visit.,औद्योगिक भेटीदरम्यान मी भेट देत असलेल्या कंपनी/उद्योगाबद्दल ___________ करीन.,learn about the company/industry that is being visited,भेट दिलेल्या कंपनी/उद्योगाबद्दल जाणून घ्या,have fun with friends,मित्रांसोबत मजा करा,do sight seeing,do sight seeing,enjoy all the benefits from the company,कंपनीच्वरील सर्व फायद्यांचा आनंद घ्या,A,learn about the company/industry that is being visited,भेट दिलेल्या कंपनी/उद्योगाबद्दल जाणून घ्या
555,62,Getting Ready for Apprenticeships & Jobs,प्रशिक्षणार्थी (Apprenticeship) आणि नोकरीसाठी पूर्वतयारी,Industry Visit 1 and 2,उद्योग भेट १ आणि २,50,How can an industrial visit benefit students in career development?,करिअरच्या विकासासाठी औद्योगिक भेटीचा विद्यार्थ्यांना कसा फायदा होऊ शकतो?,By showing how real jobs are done and what different roles involve,वास्तविक नोकऱ्या कशा केल्या जातात आणि कोणत्या वेगवेगळ्या भूमिकांचा समावेश होतो हे दाखवून,By allowing them to skip regular classes,त्यांना नियमित वर्ग वगळण्याची परवानगी देऊन,By offering them immediate employment,त्यांना तत्काळ रोजगार देऊ करून,By giving them opportunities to relax and have fun,त्यांना आराम आणि मजा करण्याची संधी देऊन,A,By showing how real jobs are done and what different roles involve,वास्तविक नोकऱ्या कशा केल्या जातात आणि कोणत्या वेगवेगळ्या भूमिकांचा समावेश होतो हे दाखवून
556,62,Getting Ready for Apprenticeships & Jobs,प्रशिक्षणार्थी (Apprenticeship) आणि नोकरीसाठी पूर्वतयारी,Reflection after Industry Visit,उद्योग भेटीनंतरचे प्रतिबिंब,51,"During an industry visit, an important thing to observe is ___________.","उद्योगाच्या भेटीदरम्यान, एक महत्त्वाची गोष्ट लक्षात घेतली पाहिजे ती म्हणजे ___________.",Canteen food,कॅन्टीनचे जेवण,Colors,रंग,Behaviour of workers,कामगारांची वागणूक,Generator,जनरेटर,C,Behaviour of workers,कामगारांची वागणूक
557,62,Getting Ready for Apprenticeships & Jobs,प्रशिक्षणार्थी (Apprenticeship) आणि नोकरीसाठी पूर्वतयारी,Reflection after Industry Visit,उद्योग भेटीनंतरचे प्रतिबिंब,52,________ opportunities can also be found during industry visit.,उद्योग भेटीदरम्यान ________ संधी देखील मिळू शकतात.,Playing,खेळत आहे,Cooking,स्वयंपाक,Painting,चित्रकला,Internship,इंटर्नशिप,D,Internship,इंटर्नशिप
558,62,Getting Ready for Apprenticeships & Jobs,प्रशिक्षणार्थी (Apprenticeship) आणि नोकरीसाठी पूर्वतयारी,Reflection after Industry Visit,उद्योग भेटीनंतरचे प्रतिबिंब,53,"After industry visit, how can you reflect on your experience?","उद्योग भेटीनंतर, तुम्ही तुमच्या अनुभवावर कसा विचार करू शकता?","Share your experience with classmates, teachers and family","तुमचा अनुभव वर्गमित्र, शिक्षक आणि कुटुंबासह शेअर करा",Write a report about what you learned and observed,आपण काय शिकलात आणि निरीक्षण केले याबद्दल एक अहवाल लिहा,Review and think about any advice you received during the visit,भेटीदरम्यान तुम्हाला मिळालेल्या कोणत्याही सल्ल्याचे पुनरावलोकन करा आणि विचार करा,All of these,वरील सर्व,D,All of these,वरील सर्व
559,62,Getting Ready for Apprenticeships & Jobs,प्रशिक्षणार्थी (Apprenticeship) आणि नोकरीसाठी पूर्वतयारी,Reflection after Industry Visit,उद्योग भेटीनंतरचे प्रतिबिंब,54,Which of these is NOT a question to ask during an industrial visit?,औद्योगिक भेटीदरम्यान यापैकी कोणता प्रश्न विचारायचा नाही?,How do you keep things safe and high quality?,तुम्ही गोष्टी सुरक्षित आणि उच्च दर्जाच्या कशा ठेवता?,What are the main products made here?,येथे बनवलेली मुख्य उत्पादने कोणती आहेत?,What is your favourite hobby?,तुमचा आवडता छंद कोणता आहे?,How does your production line work?,तुमची प्रॉडक्शन लाइन कशी काम करते?,C,What is your favourite hobby?,तुमचा आवडता छंद कोणता आहे?
560,62,Getting Ready for Apprenticeships & Jobs,प्रशिक्षणार्थी (Apprenticeship) आणि नोकरीसाठी पूर्वतयारी,Reflection after Industry Visit,उद्योग भेटीनंतरचे प्रतिबिंब,55,Which of the following aspects did you focus on the most during your industrial visit?,तुमच्या औद्योगिक भेटीदरम्यान तुम्ही खालीलपैकी कोणत्या पैलूंवर सर्वाधिक लक्ष केंद्रित केले?,The quality of food in the cafeteria,कॅफेटेरियामधील अन्नाची गुणवत्ता,The types of machinery and technology used in manufacturing processes,उत्पादन प्रक्रियेत वापरल्या जाणाऱ्या यंत्रसामग्री आणि तंत्रज्ञानाचे प्रकार,The uniforms worn by employees,कर्मचाऱ्यांनी परिधान केलेले गणवेश,The decoration of the offices,कार्यालयांची सजावट,B,The types of machinery and technology used in manufacturing processes,उत्पादन प्रक्रियेत वापरल्या जाणाऱ्या यंत्रसामग्री आणि तंत्रज्ञानाचे प्रकार
561,63,Getting Ready for Apprenticeships & Jobs,प्रशिक्षणार्थी (Apprenticeship) आणि नोकरीसाठी पूर्वतयारी,Guest Lecture by Alumni Or HR,माजी विद्यार्थी किंवा एचआर यांचे अतिथी व्याख्यान,56,A formal interaction between students and a guest speaker is known as ________.,विद्यार्थी आणि अतिथी वक्ता यांच्यातील औपचारिक संवादाला ________ असे म्हणतात.,Group meeting,गट बैठक,Guest lecture,अतिथी व्याख्यान,A casual chat,अनौपचारिक गप्पा,time pass,वेळ पास,B,Guest lecture,अतिथी व्याख्यान
562,63,Getting Ready for Apprenticeships & Jobs,प्रशिक्षणार्थी (Apprenticeship) आणि नोकरीसाठी पूर्वतयारी,Guest Lecture by Alumni Or HR,माजी विद्यार्थी किंवा एचआर यांचे अतिथी व्याख्यान,57,Guest lectures act as a platform to talk to alumni about their _____,अतिथी व्याख्याने माजी विद्यार्थ्यांशी त्यांच्या _____ बद्दल बोलण्यासाठी एक व्यासपीठ म्हणून काम करतात,experience,अनुभव,hobbies,छंद,family life,कौटुंबिक जीवन,travel plans,travel plans,A,experience,अनुभव
563,63,Getting Ready for Apprenticeships & Jobs,प्रशिक्षणार्थी (Apprenticeship) आणि नोकरीसाठी पूर्वतयारी,Guest Lecture by Alumni Or HR,माजी विद्यार्थी किंवा एचआर यांचे अतिथी व्याख्यान,58,Which of these is NOT a question to ask alumni during guest lecture?,गेस्ट लेक्चर दरम्यान माजी विद्यार्थ्यांना यापैकी कोणता प्रश्न विचारायचा नाही?,How did you prepare yourself for a job/workplace?,नोकरी/कामाच्या ठिकाणी तुम्ही स्वतःला कसे तयार केले?,What are your travel plans?,तुमच्या प्रवासाच्या योजना काय आहेत?,How did you convince your parents/family to work?,तुम्ही तुमच्या पालकांना/कुटुंबाला कामासाठी कसे पटवून दिले?,Did you relocate for your job? What were the main challenges?,तुम्ही तुमच्या नोकरीसाठी स्थलांतर केले का? मुख्य आव्हाने कोणती होती?,B,What are your travel plans?,तुमच्या प्रवासाच्या योजना काय आहेत?
564,63,Getting Ready for Apprenticeships & Jobs,प्रशिक्षणार्थी (Apprenticeship) आणि नोकरीसाठी पूर्वतयारी,Guest Lecture by Alumni Or HR,माजी विद्यार्थी किंवा एचआर यांचे अतिथी व्याख्यान,59,What is the most important thing to focus in a Guest Lecture?,अतिथी व्याख्यान मध्ये लक्ष केंद्रित करण्यासाठी सर्वात महत्वाची गोष्ट कोणती आहे?,YouTube Reels,YouTube Reels,Expectations of the workplace,कामाच्या ठिकाणी अपेक्षा,Shopping centers near workplace,कामाच्या ठिकाणाजवळील खरेदी केंद्रे,Holidays,सुट्ट्या,B,Expectations of the workplace,कामाच्या ठिकाणी अपेक्षा
565,63,Getting Ready for Apprenticeships & Jobs,प्रशिक्षणार्थी (Apprenticeship) आणि नोकरीसाठी पूर्वतयारी,Guest Lecture by Alumni Or HR,माजी विद्यार्थी किंवा एचआर यांचे अतिथी व्याख्यान,60,Farida met an ex-student of her institute. He/she can be called as an__________.,फरीदा तिच्या संस्थेच्या एका माजी विद्यार्थ्याला भेटली. त्याला/तिला __________ म्हणून संबोधले जाऊ शकते.,Alumni,माजी विद्यार्थी,Interviewer,मुलाखत घेणारा,Professor,प्राध्यापक,Referee,पंच,A,Alumni,माजी विद्यार्थी
566,63,Getting Ready for Apprenticeships & Jobs,प्रशिक्षणार्थी (Apprenticeship) आणि नोकरीसाठी पूर्वतयारी,Introduction to Platform - Based Jobs,प्लॅटफॉर्मची ओळख - आधारित नोकरी,61,_________ are jobs that you find by being part of a particular online platform or an app.,_________ या नोकऱ्या आहेत ज्या तुम्हाला एका विशिष्ट ऑनलाइन प्लॅटफॉर्मचा किंवा ॲपचा भाग बनून मिळतात.,Platform- based jobs,प्लॅटफॉर्मवर आधारित नोकऱ्या,Life time jobs,लाइफ टाईम नोकऱ्या,Railway platform jobs,रेल्वे प्लॅटफॉर्म नोकऱ्या,None of these,यापैकी काहीही नाही,A,Platform- based jobs,प्लॅटफॉर्मवर आधारित नोकऱ्या
567,63,Getting Ready for Apprenticeships & Jobs,प्रशिक्षणार्थी (Apprenticeship) आणि नोकरीसाठी पूर्वतयारी,Introduction to Platform - Based Jobs,प्लॅटफॉर्मची ओळख - आधारित नोकरी,62,Which of these is NOT a platform for finding platform-based jobs?,प्लॅटफॉर्मवर आधारित नोकऱ्या शोधण्यासाठी यापैकी कोणते व्यासपीठ नाही?,Urban Company,अर्बन कंपनी,Uber,उबर,Swiggy,स्विगी,Government office,सरकारी कार्यालय,D,Government office,सरकारी कार्यालय
568,63,Getting Ready for Apprenticeships & Jobs,प्रशिक्षणार्थी (Apprenticeship) आणि नोकरीसाठी पूर्वतयारी,Introduction to Platform - Based Jobs,प्लॅटफॉर्मची ओळख - आधारित नोकरी,63,Which of these services can you find on platform-based job portals?,प्लॅटफॉर्म-आधारित जॉब पोर्टलवर तुम्हाला यापैकी कोणती सेवा मिळू शकते?,Home & Appliance Repair services,घर आणि उपकरणे दुरुस्ती सेवा,Beauty salon services,ब्युटी सलून सेवा,Cleaning services,स्वच्छता सेवा,All of these,वरील सर्व,D,All of these,वरील सर्व
569,63,Getting Ready for Apprenticeships & Jobs,प्रशिक्षणार्थी (Apprenticeship) आणि नोकरीसाठी पूर्वतयारी,Introduction to Platform - Based Jobs,प्लॅटफॉर्मची ओळख - आधारित नोकरी,64,Shilpa wanted to get her house cleaned before Diwali. On which portal can she book this service?,शिल्पाला दिवाळीपूर्वी घराची साफसफाई करायची होती. ती कोणत्या पोर्टलवर ही सेवा बुक करू शकते?,Helpr,मदतनीस,Swiggy,स्विगी,Zomato,Zomato,Ola,ओला,A,Helpr,मदतनीस
570,63,Getting Ready for Apprenticeships & Jobs,प्रशिक्षणार्थी (Apprenticeship) आणि नोकरीसाठी पूर्वतयारी,Introduction to Platform - Based Jobs,प्लॅटफॉर्मची ओळख - आधारित नोकरी,65,Chandu is sick and unable to cook food. From which platform can he order food?,चंदू आजारी आहे आणि अन्न शिजवू शकत नाही. तो कोणत्या प्लॅटफॉर्मवरून अन्न मागवू शकतो?,Flipkart (product selling app),फ्लिपकार्ट (उत्पादन विक्री ॲप),Urban Company (home cleaning & repair services),अर्बन कंपनी (घराची साफसफाई आणि दुरुस्ती सेवा),Swiggy (food delivery app),स्विगी (अन्न वितरण ॲप),Myntra (Shopping app),Myntra (शॉपिंग ॲप),C,Swiggy (food delivery app),स्विगी (अन्न वितरण ॲप)
571,64,Getting Ready for Apprenticeships & Jobs,प्रशिक्षणार्थी (Apprenticeship) आणि नोकरीसाठी पूर्वतयारी,Applying for Jobs through Online Portals,ऑनलाइन पोर्टलद्वारे नोकरीसाठी अर्ज करणे,66,Job search engines are also called ______.,नोकरी शोध इंजिनांना ______ असेही म्हणतात.,Shopping platforms,खरेदी प्लॅटफॉर्म,Job portals,जॉब पोर्टल्स,Resume Builder,बिल्डर पुन्हा सुरू करा,Play store,प्ले स्टोअर,B,Job portals,जॉब पोर्टल्स
572,64,Getting Ready for Apprenticeships & Jobs,प्रशिक्षणार्थी (Apprenticeship) आणि नोकरीसाठी पूर्वतयारी,Applying for Jobs through Online Portals,ऑनलाइन पोर्टलद्वारे नोकरीसाठी अर्ज करणे,67,Which of the following is a specialized app or portal designed to find jobs?,नोकऱ्या शोधण्यासाठी खालीलपैकी कोणते विशेष ॲप किंवा पोर्टल डिझाइन केले आहे?,Zomato,Zomato,Myntra,मिंत्रा,Amazon,ऍमेझॉन,Naukri,नोकरी,D,Naukri,नोकरी
573,64,Getting Ready for Apprenticeships & Jobs,प्रशिक्षणार्थी (Apprenticeship) आणि नोकरीसाठी पूर्वतयारी,Applying for Jobs through Online Portals,ऑनलाइन पोर्टलद्वारे नोकरीसाठी अर्ज करणे,68,Creating profiles on multiple portals always helps in______ reach.,एकाधिक पोर्टलवर प्रोफाइल तयार केल्याने ______ पोहोचण्यात नेहमीच मदत होते.,Low,कमी,Wider/Vast,विस्तीर्ण/विस्तृत,Limited,मर्यादित,Small,लहान,B,Wider/Vast,विस्तीर्ण/विस्तृत
574,64,Getting Ready for Apprenticeships & Jobs,प्रशिक्षणार्थी (Apprenticeship) आणि नोकरीसाठी पूर्वतयारी,Applying for Jobs through Online Portals,ऑनलाइन पोर्टलद्वारे नोकरीसाठी अर्ज करणे,69,Ram just finished his training course. Which portal can he use to look for jobs as a fresher?,रामने नुकतेच प्रशिक्षण पूर्ण केले. फ्रेशर म्हणून नोकऱ्या शोधण्यासाठी तो कोणते पोर्टल वापरू शकतो?,Freshersworld,फ्रेशर्सवर्ल्ड,Urban Company,अर्बन कंपनी,Swiggy,स्विगी,Myntra,मिंत्रा,A,Freshersworld,फ्रेशर्सवर्ल्ड
575,64,Getting Ready for Apprenticeships & Jobs,प्रशिक्षणार्थी (Apprenticeship) आणि नोकरीसाठी पूर्वतयारी,Applying for Jobs through Online Portals,ऑनलाइन पोर्टलद्वारे नोकरीसाठी अर्ज करणे,70,A company is asking for money for applying for a job from Ruhi. She realized that it must be a _____ job.,रुहीकडून नोकरीसाठी अर्ज करण्यासाठी एक कंपनी पैसे मागत आहे. तिला समजले की हे _____ नोकरी असणे आवश्यक आहे.,good,चांगले,real,वास्तविक,fake,बनावट,great,महान,C,fake,बनावट
576,64,Getting Ready for Apprenticeships & Jobs,प्रशिक्षणार्थी (Apprenticeship) आणि नोकरीसाठी पूर्वतयारी,Enrolling for Apprenticeships,अप्रेंटिसशिपसाठी नावनोंदणी,71,What is the full form of NAPS?,NAPS चे पूर्ण रूप काय आहे?,National Appraisal Promotion Scheme,राष्ट्रीय मूल्यमापन प्रोत्साहन योजना,National Apprenticeship Promotion Scheme,राष्ट्रीय शिकाऊ पदोन्नती योजना,National Appreciation Pro Scheme,राष्ट्रीय प्रशंसा प्रो योजना,National Apparent Provident Scheme,नॅशनल अपरेंट प्रॉव्हिडंट स्कीम,B,National Apprenticeship Promotion Scheme,राष्ट्रीय शिकाऊ पदोन्नती योजना
577,64,Getting Ready for Apprenticeships & Jobs,प्रशिक्षणार्थी (Apprenticeship) आणि नोकरीसाठी पूर्वतयारी,Enrolling for Apprenticeships,अप्रेंटिसशिपसाठी नावनोंदणी,72,NAPS is a scheme by the Government of India to provide apprenticeship training through the ____.,NAPS ही भारत सरकारची ____ च्या माध्यमातून शिकाऊ प्रशिक्षण देण्याची योजना आहे.,Employers,नियोक्ते,Teachers,शिक्षक,Trainers,प्रशिक्षक,Professors,प्राध्यापक,A,Employers,नियोक्ते
578,64,Getting Ready for Apprenticeships & Jobs,प्रशिक्षणार्थी (Apprenticeship) आणि नोकरीसाठी पूर्वतयारी,Enrolling for Apprenticeships,अप्रेंटिसशिपसाठी नावनोंदणी,73,NAPS provides apprenticeship training opportunities for a student who has completed ___ years.,NAPS ___ वर्षे पूर्ण केलेल्या विद्यार्थ्यासाठी शिकाऊ प्रशिक्षणाच्या संधी उपलब्ध करून देते.,18,18,21,21,14,14,10,10,C,14,14
579,64,Getting Ready for Apprenticeships & Jobs,प्रशिक्षणार्थी (Apprenticeship) आणि नोकरीसाठी पूर्वतयारी,Enrolling for Apprenticeships,अप्रेंटिसशिपसाठी नावनोंदणी,74,Vibha wants to register on the NAPS portal. She should have ____ to register.,विभाला NAPS पोर्टलवर नोंदणी करायची आहे. तिला नोंदणी करण्यासाठी ____ असणे आवश्यक आहे.,Diploma,डिप्लोमा,ITI certificate,आयटीआय प्रमाणपत्र,Degree,पदवी,Masters degree,पदव्युत्तर पदवी,B,ITI certificate,आयटीआय प्रमाणपत्र
580,64,Getting Ready for Apprenticeships & Jobs,प्रशिक्षणार्थी (Apprenticeship) आणि नोकरीसाठी पूर्वतयारी,Enrolling for Apprenticeships,अप्रेंटिसशिपसाठी नावनोंदणी,75,Arunima has completed an apprenticeship training on NAPS. She will be getting a______on completion.,अरुणिमाने NAPS वर शिकाऊ प्रशिक्षण पूर्ण केले आहे. ती पूर्ण झाल्यावर ______ मिळेल.,Certificate,प्रमाणपत्र,Credit Card,क्रेडिट कार्ड,Clothes,कपडे,Scholarship,शिष्यवृत्ती,A,Certificate,प्रमाणपत्र
